"id","file_path","name","price"
2,/Семена/test1,test1,123
1002,/Канцелярия/Маркеры/product1,product1,71
1003,/Канцелярия/Маркеры/Для досок/product2,product2,11
1004,/Семена/Томаты/product3,product3,914
1005,/Канцелярия/Стержни/Шариковые/product4,product4,657
1006,/Семена/test/product5,product5,653
1007,/Канцелярия/Стержни/Шариковые/product6,product6,575
1008,/Канцелярия/Ручки/Ручки на подставке/product7,product7,337
1009,/Семена/test/product8,product8,813
1010,/Канцелярия/Ручки/Ручки гелевые/product9,product9,775
1011,/Канцелярия/Закладки/product10,product10,142
1012,/Канцелярия/Стержни/Гелевые/product11,product11,15
1013,/Канцелярия/Клей/Карандаш/product12,product12,325
1014,/Канцелярия/Ножницы/product13,product13,408
1015,/Семена/Огурца/product14,product14,448
1016,/Канцелярия/Ножницы/Канцелярские/product15,product15,518
1017,/Канцелярия/Клей/Канцелярский/product16,product16,674
1018,/Канцелярия/Ножницы/product17,product17,197
1019,/Канцелярия/Маркеры/product18,product18,653
1020,/Канцелярия/Закладки/product19,product19,691
1021,/Семена/test/product20,product20,753
1022,/Канцелярия/Точилки/Без контейнера/product21,product21,563
1023,/Канцелярия/Клей/Клеящая лента/product22,product22,67
1024,/Канцелярия/Клей/Пва/product23,product23,213
1025,/Канцелярия/Ручки/product24,product24,343
1026,/Семена/test/product25,product25,185
1027,/Канцелярия/Клей/Клеящая лента/product26,product26,420
1028,/Канцелярия/Калькуляторы/product27,product27,470
1029,/Канцелярия/Клей/Карандаш/product28,product28,975
1030,/Канцелярия/Стержни/product29,product29,904
1031,/Канцелярия/Калькуляторы/Научные/product30,product30,886
1032,/Канцелярия/Клей/product31,product31,123
1033,/Семена/Томаты/product32,product32,904
1034,/Канцелярия/Калькуляторы/Научные/product33,product33,760
1035,/Канцелярия/Ножницы/Детские/product34,product34,693
1036,/Канцелярия/Маркеры/Для выделения текста/product35,product35,729
1037,/Канцелярия/Клей/Карандаш/product36,product36,188
1038,/Канцелярия/Ножницы/Канцелярские/product37,product37,139
1039,/Канцелярия/Маркеры/product38,product38,240
1040,/Канцелярия/Калькуляторы/Настольные/product39,product39,180
1041,/Канцелярия/Ручки/Ручки шариковые/product40,product40,387
1042,/Канцелярия/Клей/Клеящая лента/product41,product41,853
1043,/Канцелярия/product42,product42,126
1044,/Канцелярия/Точилки/С контейнером/product43,product43,927
1045,/Канцелярия/Калькуляторы/product44,product44,525
1046,/Канцелярия/product45,product45,20
1047,/Семена/product46,product46,602
1048,/Канцелярия/Стержни/Гелевые/product47,product47,948
1049,/Канцелярия/Ножницы/Детские/product48,product48,815
1050,/Канцелярия/Точилки/Без контейнера/product49,product49,90
1051,/Канцелярия/Калькуляторы/Карманные/product50,product50,231
1052,/Канцелярия/product51,product51,413
1053,/Семена/Томаты/product52,product52,20
1054,/Канцелярия/Стержни/Шариковые/product53,product53,390
1055,/Канцелярия/Точилки/product54,product54,439
1056,/Канцелярия/Маркеры/product55,product55,647
1057,/Канцелярия/Ручки/Ручки гелевые/product56,product56,719
1058,/Канцелярия/Ножницы/Детские/product57,product57,485
1059,/Канцелярия/Ножницы/Канцелярские/product58,product58,145
1060,/Канцелярия/Точилки/С контейнером/product59,product59,433
1061,/Канцелярия/Стержни/product60,product60,706
1062,/Канцелярия/Ручки/product61,product61,680
1063,/Канцелярия/Точилки/Без контейнера/product62,product62,773
1064,/Канцелярия/Точилки/Без контейнера/product63,product63,612
1065,/Семена/Огурца/product64,product64,889
1066,/Канцелярия/Стержни/Гелевые/product65,product65,13
1067,/Канцелярия/Точилки/С контейнером/product66,product66,126
1068,/Семена/Огурца/product67,product67,635
1069,/Канцелярия/Точилки/Без контейнера/product68,product68,784
1070,/Канцелярия/Ножницы/Детские/product69,product69,684
1071,/Канцелярия/Закладки/product70,product70,43
1072,/Канцелярия/Закладки/product71,product71,416
1073,/Канцелярия/Маркеры/Для досок/product72,product72,281
1074,/Канцелярия/Ножницы/product73,product73,444
1075,/Канцелярия/Дыроколы/product74,product74,580
1076,/Канцелярия/Ручки/Ручки шариковые/product75,product75,422
1077,/Канцелярия/Калькуляторы/Настольные/product76,product76,394
1078,/Канцелярия/Маркеры/Перманентные/product77,product77,198
1079,/Канцелярия/Точилки/С контейнером/product78,product78,406
1080,/Канцелярия/Стержни/Гелевые/product79,product79,613
1081,/Канцелярия/Клей/product80,product80,530
1082,/Канцелярия/Ручки/Капиллярные/product81,product81,501
1083,/Канцелярия/Маркеры/Для досок/product82,product82,761
1084,/Канцелярия/Калькуляторы/Научные/product83,product83,340
1085,/Канцелярия/Клей/Карандаш/product84,product84,365
1086,/Канцелярия/Клей/Канцелярский/product85,product85,777
1087,/Канцелярия/Стержни/Гелевые/product86,product86,506
1088,/Канцелярия/Точилки/С контейнером/product87,product87,712
1089,/Канцелярия/Стержни/Гелевые/product88,product88,816
1090,/Канцелярия/Закладки/product89,product89,215
1091,/Канцелярия/Ножницы/product90,product90,740
1092,/Семена/Огурца/product91,product91,974
1093,/Канцелярия/Ручки/Роллеры/product92,product92,114
1094,/Канцелярия/Калькуляторы/Научные/product93,product93,402
1095,/Канцелярия/Стержни/Шариковые/product94,product94,281
1096,/Канцелярия/Точилки/Без контейнера/product95,product95,827
1097,/Канцелярия/Стержни/product96,product96,917
1098,/Канцелярия/Ножницы/Канцелярские/product97,product97,346
1099,/Канцелярия/Клей/Клеящая лента/product98,product98,658
1100,/Канцелярия/Стержни/Гелевые/product99,product99,343
1101,/Канцелярия/Маркеры/Перманентные/product100,product100,666
1102,/Канцелярия/Ручки/Ручки гелевые/product101,product101,844
1103,/Канцелярия/Закладки/product102,product102,917
1104,/Канцелярия/Маркеры/Для досок/product103,product103,51
1105,/Канцелярия/Ручки/Ручки на подставке/product104,product104,720
1106,/Канцелярия/Клей/Канцелярский/product105,product105,558
1107,/Канцелярия/Точилки/С контейнером/product106,product106,291
1108,/Канцелярия/Клей/Пва/product107,product107,16
1109,/Канцелярия/Калькуляторы/Карманные/product108,product108,214
1110,/Канцелярия/Ручки/Ручки шариковые/product109,product109,290
1111,/Канцелярия/Ручки/Ручки на подставке/product110,product110,459
1112,/Канцелярия/Калькуляторы/product111,product111,93
1113,/Канцелярия/Калькуляторы/product112,product112,143
1114,/Канцелярия/Клей/Пва/product113,product113,409
1115,/Канцелярия/Ручки/Ручки шариковые/product114,product114,950
1116,/Канцелярия/Стержни/Гелевые/product115,product115,66
1117,/Канцелярия/Стержни/Гелевые/product116,product116,893
1118,/Канцелярия/product117,product117,747
1119,/Канцелярия/Клей/product118,product118,521
1120,/Канцелярия/Точилки/product119,product119,452
1121,/Канцелярия/Клей/Клеящая лента/product120,product120,930
1122,/Канцелярия/Точилки/product121,product121,504
1123,/Канцелярия/Калькуляторы/product122,product122,262
1124,/Канцелярия/Ручки/Ручки шариковые/product123,product123,576
1125,/Канцелярия/Точилки/С контейнером/product124,product124,444
1126,/Канцелярия/Маркеры/Для досок/product125,product125,708
1127,/Семена/product126,product126,205
1128,/Канцелярия/Маркеры/Перманентные/product127,product127,58
1129,/Канцелярия/Ручки/Капиллярные/product128,product128,623
1130,/Канцелярия/Ручки/Ручки на подставке/product129,product129,464
1131,/Канцелярия/Маркеры/Для выделения текста/product130,product130,903
1132,/Канцелярия/Закладки/product131,product131,306
1133,/Канцелярия/Стержни/product132,product132,212
1134,/Канцелярия/Точилки/С контейнером/product133,product133,419
1135,/Канцелярия/Точилки/Без контейнера/product134,product134,991
1136,/Канцелярия/product135,product135,878
1137,/Семена/Огурца/product136,product136,32
1138,/Канцелярия/Точилки/product137,product137,475
1139,/Канцелярия/Клей/product138,product138,747
1140,/Канцелярия/Маркеры/Для выделения текста/product139,product139,633
1141,/Семена/Томаты/Красные/product140,product140,190
1142,/Канцелярия/Закладки/product141,product141,438
1143,/Канцелярия/Ручки/Ручки на подставке/product142,product142,684
1144,/Канцелярия/Клей/Пва/product143,product143,463
1145,/Канцелярия/Маркеры/Для выделения текста/product144,product144,626
1146,/Канцелярия/Клей/Пва/product145,product145,621
1147,/Канцелярия/Клей/Клеящая лента/product146,product146,404
1148,/Семена/Томаты/product147,product147,177
1149,/Семена/Томаты/product148,product148,203
1150,/Канцелярия/Ножницы/Канцелярские/product149,product149,712
1151,/Канцелярия/Клей/Карандаш/product150,product150,348
1152,/Канцелярия/Точилки/Без контейнера/product151,product151,355
1153,/Канцелярия/Калькуляторы/Карманные/product152,product152,983
1154,/Канцелярия/Ножницы/product153,product153,101
1155,/Канцелярия/Ручки/Роллеры/product154,product154,304
1156,/Канцелярия/Ручки/Капиллярные/product155,product155,789
1157,/Канцелярия/Клей/Пва/product156,product156,514
1158,/Канцелярия/Стержни/Гелевые/product157,product157,236
1159,/Канцелярия/Стержни/product158,product158,940
1160,/Канцелярия/Клей/product159,product159,591
1161,/Канцелярия/Ручки/Ручки на подставке/product160,product160,840
1162,/Канцелярия/Закладки/product161,product161,648
1163,/Канцелярия/Ручки/Капиллярные/product162,product162,565
1164,/Семена/test/product163,product163,184
1165,/Канцелярия/Ручки/Ручки на подставке/product164,product164,513
1166,/Канцелярия/Ручки/Роллеры/product165,product165,333
1167,/Канцелярия/Ручки/Капиллярные/product166,product166,817
1168,/Канцелярия/Стержни/product167,product167,329
1169,/Семена/product168,product168,519
1170,/Канцелярия/Ножницы/Детские/product169,product169,106
1171,/Канцелярия/Точилки/product170,product170,409
1172,/Семена/Огурца/product171,product171,639
1173,/Канцелярия/Калькуляторы/Карманные/product172,product172,269
1174,/Канцелярия/Точилки/С контейнером/product173,product173,437
1175,/Канцелярия/Калькуляторы/product174,product174,286
1176,/Канцелярия/Точилки/product175,product175,111
1177,/Семена/test/product176,product176,584
1178,/Канцелярия/Клей/product177,product177,415
1179,/Канцелярия/Ножницы/Канцелярские/product178,product178,762
1180,/Семена/Томаты/product179,product179,311
1181,/Канцелярия/Ручки/Ручки на подставке/product180,product180,341
1182,/Канцелярия/Стержни/Шариковые/product181,product181,888
1183,/Канцелярия/Калькуляторы/Настольные/product182,product182,907
1184,/Канцелярия/Клей/Карандаш/product183,product183,320
1185,/Канцелярия/Точилки/Без контейнера/product184,product184,906
1186,/Канцелярия/Ручки/Ручки шариковые/product185,product185,910
1187,/Канцелярия/Маркеры/Перманентные/product186,product186,928
1188,/Канцелярия/Ручки/Ручки гелевые/product187,product187,912
1189,/Канцелярия/Клей/Канцелярский/product188,product188,67
1190,/Канцелярия/Ручки/Ручки на подставке/product189,product189,282
1191,/Канцелярия/Ножницы/Канцелярские/product190,product190,503
1192,/Канцелярия/Точилки/Без контейнера/product191,product191,79
1193,/Канцелярия/Клей/product192,product192,950
1194,/Канцелярия/Клей/product193,product193,91
1195,/Канцелярия/Маркеры/Перманентные/product194,product194,701
1196,/Семена/test/product195,product195,912
1197,/Канцелярия/Ножницы/Детские/product196,product196,675
1198,/Канцелярия/Точилки/Без контейнера/product197,product197,525
1199,/Канцелярия/Стержни/product198,product198,132
1200,/Канцелярия/Калькуляторы/product199,product199,222
1201,/Канцелярия/Ручки/Ручки на подставке/product200,product200,832
1202,/Канцелярия/Ручки/product201,product201,939
1203,/Канцелярия/Клей/Пва/product202,product202,881
1204,/Канцелярия/Калькуляторы/product203,product203,943
1205,/Канцелярия/Стержни/Шариковые/product204,product204,670
1206,/Канцелярия/Маркеры/Для досок/product205,product205,497
1207,/Канцелярия/Точилки/С контейнером/product206,product206,842
1208,/Канцелярия/Точилки/С контейнером/product207,product207,412
1209,/Канцелярия/Стержни/Гелевые/product208,product208,506
1210,/Канцелярия/Точилки/Без контейнера/product209,product209,700
1211,/Канцелярия/Маркеры/Перманентные/product210,product210,178
1212,/Канцелярия/Точилки/Без контейнера/product211,product211,911
1213,/Канцелярия/Клей/Канцелярский/product212,product212,987
1214,/Канцелярия/Ручки/Ручки шариковые/product213,product213,316
1215,/Канцелярия/Ручки/Роллеры/product214,product214,648
1216,/Канцелярия/Ножницы/Детские/product215,product215,968
1217,/Канцелярия/Ручки/Роллеры/product216,product216,543
1218,/Канцелярия/Ручки/Ручки на подставке/product217,product217,758
1219,/Канцелярия/Точилки/С контейнером/product218,product218,714
1220,/Канцелярия/Стержни/Шариковые/product219,product219,200
1221,/Канцелярия/Ручки/Ручки на подставке/product220,product220,876
1222,/Канцелярия/Калькуляторы/Научные/product221,product221,311
1223,/Канцелярия/Точилки/С контейнером/product222,product222,123
1224,/Канцелярия/Ручки/Ручки на подставке/product223,product223,711
1225,/Канцелярия/Стержни/Гелевые/product224,product224,531
1226,/Канцелярия/Стержни/product225,product225,457
1227,/Канцелярия/Стержни/product226,product226,137
1228,/Канцелярия/Клей/Пва/product227,product227,60
1229,/Семена/Томаты/Красные/product228,product228,207
1230,/Канцелярия/Ножницы/Детские/product229,product229,407
1231,/Канцелярия/Стержни/product230,product230,157
1232,/Канцелярия/Клей/Канцелярский/product231,product231,994
1233,/Семена/Томаты/product232,product232,762
1234,/Канцелярия/product233,product233,320
1235,/Канцелярия/Стержни/Гелевые/product234,product234,283
1236,/Канцелярия/Клей/product235,product235,977
1237,/Канцелярия/Точилки/Без контейнера/product236,product236,573
1238,/Канцелярия/Ручки/Ручки шариковые/product237,product237,267
1239,/Канцелярия/Клей/Карандаш/product238,product238,506
1240,/Канцелярия/Точилки/С контейнером/product239,product239,328
1241,/Семена/Томаты/product240,product240,969
1242,/Канцелярия/Ножницы/Детские/product241,product241,610
1243,/Канцелярия/Ножницы/Детские/product242,product242,75
1244,/Канцелярия/Калькуляторы/Карманные/product243,product243,433
1245,/Семена/product244,product244,347
1246,/Канцелярия/Точилки/product245,product245,545
1247,/Канцелярия/Точилки/product246,product246,894
1248,/Семена/Томаты/Красные/product247,product247,924
1249,/Семена/Томаты/Красные/product248,product248,361
1250,/Канцелярия/Ручки/Капиллярные/product249,product249,813
1251,/Канцелярия/Клей/Пва/product250,product250,554
1252,/Канцелярия/Закладки/product251,product251,452
1253,/Канцелярия/Точилки/product252,product252,406
1254,/Канцелярия/Калькуляторы/Научные/product253,product253,121
1255,/Канцелярия/Ножницы/product254,product254,850
1256,/Канцелярия/Стержни/Гелевые/product255,product255,625
1257,/Канцелярия/Ножницы/product256,product256,643
1258,/Семена/product257,product257,678
1259,/Канцелярия/Клей/Пва/product258,product258,258
1260,/Канцелярия/Ручки/Ручки шариковые/product259,product259,513
1261,/Семена/Томаты/product260,product260,348
1262,/Канцелярия/Калькуляторы/Настольные/product261,product261,94
1263,/Семена/test/product262,product262,36
1264,/Канцелярия/Клей/Карандаш/product263,product263,777
1265,/Канцелярия/Клей/Канцелярский/product264,product264,206
1266,/Семена/test/product265,product265,125
1267,/Канцелярия/Ручки/Ручки на подставке/product266,product266,774
1268,/Канцелярия/Клей/Клеящая лента/product267,product267,67
1269,/Канцелярия/Ножницы/Канцелярские/product268,product268,493
1270,/Канцелярия/Калькуляторы/product269,product269,328
1271,/Канцелярия/Клей/Карандаш/product270,product270,897
1272,/Семена/product271,product271,235
1273,/Канцелярия/Дыроколы/product272,product272,485
1274,/Канцелярия/Ручки/Ручки на подставке/product273,product273,774
1275,/Канцелярия/Калькуляторы/Научные/product274,product274,195
1276,/Канцелярия/Калькуляторы/product275,product275,468
1277,/Семена/Огурца/product276,product276,251
1278,/Канцелярия/Калькуляторы/Карманные/product277,product277,16
1279,/Канцелярия/Ручки/Ручки на подставке/product278,product278,798
1280,/Канцелярия/Стержни/product279,product279,340
1281,/Канцелярия/Клей/Клеящая лента/product280,product280,752
1282,/Канцелярия/Стержни/Шариковые/product281,product281,495
1283,/Канцелярия/Ножницы/product282,product282,776
1284,/Канцелярия/Стержни/product283,product283,948
1285,/Канцелярия/Калькуляторы/product284,product284,863
1286,/Семена/test/product285,product285,465
1287,/Канцелярия/Ручки/product286,product286,162
1288,/Канцелярия/Закладки/product287,product287,545
1289,/Канцелярия/Калькуляторы/product288,product288,428
1290,/Канцелярия/Клей/product289,product289,504
1291,/Канцелярия/Калькуляторы/Карманные/product290,product290,947
1292,/Канцелярия/Калькуляторы/Карманные/product291,product291,585
1293,/Канцелярия/Точилки/С контейнером/product292,product292,891
1294,/Канцелярия/Калькуляторы/Карманные/product293,product293,140
1295,/Канцелярия/Калькуляторы/Научные/product294,product294,326
1296,/Канцелярия/Дыроколы/product295,product295,979
1297,/Канцелярия/Стержни/Гелевые/product296,product296,998
1298,/Канцелярия/Маркеры/Перманентные/product297,product297,994
1299,/Канцелярия/Стержни/Гелевые/product298,product298,968
1300,/Канцелярия/Ножницы/Канцелярские/product299,product299,796
1301,/Канцелярия/Клей/Клеящая лента/product300,product300,671
1302,/Канцелярия/Стержни/Гелевые/product301,product301,175
1303,/Канцелярия/Ручки/Ручки гелевые/product302,product302,209
1304,/Канцелярия/Стержни/product303,product303,211
1305,/Канцелярия/Стержни/product304,product304,870
1306,/Канцелярия/Калькуляторы/Научные/product305,product305,641
1307,/Канцелярия/Точилки/product306,product306,20
1308,/Канцелярия/Ножницы/Канцелярские/product307,product307,991
1309,/Канцелярия/Калькуляторы/Научные/product308,product308,445
1310,/Канцелярия/Стержни/Шариковые/product309,product309,460
1311,/Канцелярия/Калькуляторы/Настольные/product310,product310,535
1312,/Канцелярия/Ножницы/Канцелярские/product311,product311,89
1313,/Канцелярия/Маркеры/Для досок/product312,product312,459
1314,/Семена/Томаты/Красные/product313,product313,96
1315,/Канцелярия/Калькуляторы/Настольные/product314,product314,849
1316,/Канцелярия/Ножницы/Детские/product315,product315,231
1317,/Канцелярия/Ножницы/Детские/product316,product316,165
1318,/Канцелярия/product317,product317,942
1319,/Канцелярия/Ножницы/Детские/product318,product318,403
1320,/Канцелярия/Калькуляторы/Карманные/product319,product319,388
1321,/Канцелярия/Маркеры/product320,product320,708
1322,/Канцелярия/Точилки/С контейнером/product321,product321,573
1323,/Канцелярия/Клей/product322,product322,620
1324,/Канцелярия/Маркеры/Для выделения текста/product323,product323,484
1325,/Семена/Томаты/Красные/product324,product324,590
1326,/Канцелярия/Клей/Клеящая лента/product325,product325,51
1327,/Семена/Томаты/Красные/product326,product326,415
1328,/Канцелярия/Стержни/Шариковые/product327,product327,906
1329,/Канцелярия/Ручки/Капиллярные/product328,product328,363
1330,/Канцелярия/Маркеры/Для досок/product329,product329,308
1331,/Канцелярия/product330,product330,846
1332,/Канцелярия/Ручки/Роллеры/product331,product331,394
1333,/Канцелярия/Закладки/product332,product332,593
1334,/Канцелярия/Стержни/product333,product333,604
1335,/Канцелярия/Стержни/product334,product334,27
1336,/Канцелярия/Маркеры/Для досок/product335,product335,73
1337,/Канцелярия/Ручки/Роллеры/product336,product336,827
1338,/Канцелярия/Закладки/product337,product337,759
1339,/Семена/Томаты/product338,product338,176
1340,/Семена/Томаты/product339,product339,565
1341,/Канцелярия/Ручки/product340,product340,469
1342,/Канцелярия/Стержни/product341,product341,971
1343,/Канцелярия/Клей/Канцелярский/product342,product342,529
1344,/Семена/Томаты/product343,product343,519
1345,/Канцелярия/Ручки/Ручки гелевые/product344,product344,696
1346,/Канцелярия/Дыроколы/product345,product345,232
1347,/Канцелярия/Точилки/product346,product346,781
1348,/Канцелярия/Маркеры/Для досок/product347,product347,980
1349,/Канцелярия/Ручки/product348,product348,689
1350,/Канцелярия/Ручки/product349,product349,833
1351,/Канцелярия/Точилки/С контейнером/product350,product350,578
1352,/Канцелярия/Клей/product351,product351,37
1353,/Семена/Томаты/Красные/product352,product352,599
1354,/Семена/Огурца/product353,product353,652
1355,/Семена/product354,product354,76
1356,/Канцелярия/Точилки/Без контейнера/product355,product355,652
1357,/Канцелярия/Ручки/Капиллярные/product356,product356,834
1358,/Канцелярия/Ножницы/Детские/product357,product357,171
1359,/Канцелярия/Клей/Клеящая лента/product358,product358,282
1360,/Канцелярия/Ножницы/Канцелярские/product359,product359,30
1361,/Канцелярия/Точилки/Без контейнера/product360,product360,853
1362,/Канцелярия/Маркеры/Для выделения текста/product361,product361,613
1363,/Канцелярия/Клей/Клеящая лента/product362,product362,625
1364,/Канцелярия/Закладки/product363,product363,281
1365,/Канцелярия/Ручки/Капиллярные/product364,product364,844
1366,/Канцелярия/Калькуляторы/product365,product365,182
1367,/Канцелярия/Маркеры/product366,product366,408
1368,/Канцелярия/Клей/product367,product367,726
1369,/Канцелярия/Калькуляторы/product368,product368,919
1370,/Канцелярия/Ручки/Капиллярные/product369,product369,737
1371,/Канцелярия/Стержни/Шариковые/product370,product370,250
1372,/Канцелярия/Клей/Пва/product371,product371,846
1373,/Канцелярия/Стержни/Шариковые/product372,product372,949
1374,/Семена/Огурца/product373,product373,341
1375,/Канцелярия/Клей/Пва/product374,product374,93
1376,/Канцелярия/Ручки/Ручки гелевые/product375,product375,519
1377,/Канцелярия/Маркеры/Для досок/product376,product376,299
1378,/Канцелярия/Маркеры/Для досок/product377,product377,922
1379,/Канцелярия/Ручки/Ручки гелевые/product378,product378,973
1380,/Семена/test/product379,product379,558
1381,/Канцелярия/Ручки/Ручки шариковые/product380,product380,780
1382,/Канцелярия/Точилки/Без контейнера/product381,product381,333
1383,/Канцелярия/Ручки/Ручки на подставке/product382,product382,772
1384,/Канцелярия/Ножницы/product383,product383,831
1385,/Канцелярия/Ручки/Ручки на подставке/product384,product384,505
1386,/Канцелярия/Стержни/product385,product385,379
1387,/Семена/Томаты/product386,product386,25
1388,/Канцелярия/Калькуляторы/Научные/product387,product387,427
1389,/Канцелярия/Ручки/Ручки шариковые/product388,product388,70
1390,/Семена/test/product389,product389,716
1391,/Канцелярия/Маркеры/Перманентные/product390,product390,986
1392,/Канцелярия/Маркеры/Для досок/product391,product391,571
1393,/Канцелярия/Клей/Канцелярский/product392,product392,735
1394,/Семена/Томаты/Красные/product393,product393,618
1395,/Канцелярия/Калькуляторы/Настольные/product394,product394,918
1396,/Канцелярия/Ручки/Ручки гелевые/product395,product395,306
1397,/Канцелярия/Закладки/product396,product396,869
1398,/Канцелярия/Точилки/product397,product397,245
1399,/Семена/test/product398,product398,19
1400,/Канцелярия/Калькуляторы/Научные/product399,product399,579
1401,/Канцелярия/Калькуляторы/Настольные/product400,product400,817
1402,/Канцелярия/Закладки/product401,product401,325
1403,/Канцелярия/Ручки/Ручки шариковые/product402,product402,279
1404,/Канцелярия/Стержни/Шариковые/product403,product403,37
1405,/Канцелярия/Точилки/С контейнером/product404,product404,910
1406,/Канцелярия/Ручки/Ручки на подставке/product405,product405,263
1407,/Канцелярия/Клей/Пва/product406,product406,611
1408,/Канцелярия/Ручки/Ручки гелевые/product407,product407,472
1409,/Канцелярия/Клей/Карандаш/product408,product408,651
1410,/Канцелярия/Калькуляторы/Карманные/product409,product409,728
1411,/Канцелярия/Ножницы/Детские/product410,product410,524
1412,/Канцелярия/Закладки/product411,product411,977
1413,/Канцелярия/Ножницы/Детские/product412,product412,807
1414,/Канцелярия/Калькуляторы/product413,product413,919
1415,/Канцелярия/Клей/Пва/product414,product414,349
1416,/Канцелярия/Калькуляторы/Научные/product415,product415,678
1417,/Канцелярия/Точилки/С контейнером/product416,product416,570
1418,/Канцелярия/Ручки/Роллеры/product417,product417,849
1419,/Канцелярия/Стержни/product418,product418,289
1420,/Канцелярия/Стержни/Гелевые/product419,product419,172
1421,/Канцелярия/Ножницы/Канцелярские/product420,product420,517
1422,/Канцелярия/Стержни/Гелевые/product421,product421,584
1423,/Канцелярия/Клей/Карандаш/product422,product422,568
1424,/Канцелярия/Ручки/Ручки на подставке/product423,product423,718
1425,/Канцелярия/Ручки/Ручки гелевые/product424,product424,608
1426,/Семена/test/product425,product425,905
1427,/Канцелярия/Клей/Клеящая лента/product426,product426,549
1428,/Канцелярия/Ручки/Роллеры/product427,product427,808
1500,/Канцелярия/product499,product499,267
1429,/Канцелярия/Маркеры/Для выделения текста/product428,product428,839
1430,/Канцелярия/Точилки/Без контейнера/product429,product429,174
1431,/Канцелярия/Ручки/Ручки шариковые/product430,product430,750
1432,/Семена/Огурца/product431,product431,361
1433,/Семена/Огурца/product432,product432,426
1434,/Семена/Томаты/product433,product433,243
1435,/Семена/product434,product434,651
1436,/Канцелярия/Точилки/С контейнером/product435,product435,187
1437,/Канцелярия/Ручки/Роллеры/product436,product436,749
1438,/Семена/test/product437,product437,418
1439,/Канцелярия/Точилки/Без контейнера/product438,product438,993
1440,/Канцелярия/Клей/Пва/product439,product439,206
1441,/Семена/test/product440,product440,691
1442,/Семена/Огурца/product441,product441,482
1443,/Семена/test/product442,product442,468
1444,/Канцелярия/Маркеры/Для досок/product443,product443,405
1445,/Канцелярия/Точилки/Без контейнера/product444,product444,475
1446,/Канцелярия/Точилки/Без контейнера/product445,product445,898
1447,/Канцелярия/Калькуляторы/Настольные/product446,product446,949
1448,/Канцелярия/Стержни/product447,product447,581
1449,/Канцелярия/Калькуляторы/Научные/product448,product448,86
1450,/Канцелярия/Дыроколы/product449,product449,459
1451,/Канцелярия/Стержни/Шариковые/product450,product450,128
1452,/Канцелярия/Ручки/Капиллярные/product451,product451,647
1453,/Канцелярия/Ножницы/product452,product452,471
1454,/Канцелярия/Стержни/product453,product453,519
1455,/Канцелярия/Калькуляторы/Научные/product454,product454,114
1456,/Канцелярия/Ручки/Ручки шариковые/product455,product455,529
1457,/Семена/Томаты/Красные/product456,product456,692
1458,/Канцелярия/Ручки/Ручки шариковые/product457,product457,668
1459,/Канцелярия/Стержни/product458,product458,88
1460,/Канцелярия/Ручки/product459,product459,690
1461,/Канцелярия/Маркеры/Перманентные/product460,product460,530
1462,/Канцелярия/Клей/Клеящая лента/product461,product461,829
1463,/Канцелярия/Калькуляторы/Научные/product462,product462,745
1464,/Канцелярия/Калькуляторы/product463,product463,722
1465,/Канцелярия/Стержни/Шариковые/product464,product464,754
1466,/Канцелярия/Клей/Клеящая лента/product465,product465,504
1467,/Канцелярия/Точилки/С контейнером/product466,product466,821
1468,/Канцелярия/Стержни/Гелевые/product467,product467,726
1469,/Канцелярия/Ручки/Ручки на подставке/product468,product468,660
1470,/Канцелярия/Ножницы/Детские/product469,product469,641
1471,/Канцелярия/Ручки/Роллеры/product470,product470,685
1472,/Канцелярия/Маркеры/Для досок/product471,product471,258
1473,/Канцелярия/Клей/product472,product472,25
1474,/Канцелярия/Клей/Пва/product473,product473,756
1475,/Канцелярия/Точилки/product474,product474,454
1476,/Канцелярия/Клей/Канцелярский/product475,product475,405
1477,/Канцелярия/Маркеры/product476,product476,252
1478,/Канцелярия/Маркеры/Перманентные/product477,product477,740
1479,/Канцелярия/Дыроколы/product478,product478,195
1480,/Канцелярия/Маркеры/Перманентные/product479,product479,621
1481,/Канцелярия/Точилки/Без контейнера/product480,product480,977
1482,/Канцелярия/Ножницы/Детские/product481,product481,144
1483,/Канцелярия/Калькуляторы/Научные/product482,product482,566
1484,/Канцелярия/Клей/Клеящая лента/product483,product483,361
1485,/Канцелярия/Клей/Канцелярский/product484,product484,980
1486,/Канцелярия/Ножницы/product485,product485,353
1487,/Канцелярия/Точилки/Без контейнера/product486,product486,329
1488,/Канцелярия/Калькуляторы/Карманные/product487,product487,966
1489,/Канцелярия/Калькуляторы/Научные/product488,product488,989
1490,/Канцелярия/Стержни/product489,product489,819
1491,/Канцелярия/Закладки/product490,product490,864
1492,/Канцелярия/Калькуляторы/Карманные/product491,product491,187
1493,/Канцелярия/Стержни/Шариковые/product492,product492,263
1494,/Канцелярия/Клей/Пва/product493,product493,661
1495,/Канцелярия/Ручки/Капиллярные/product494,product494,783
1496,/Канцелярия/Закладки/product495,product495,445
1497,/Канцелярия/Маркеры/product496,product496,827
1498,/Канцелярия/Калькуляторы/Настольные/product497,product497,934
1499,/Канцелярия/Маркеры/product498,product498,394
1501,/Канцелярия/Маркеры/Для выделения текста/product500,product500,908
1502,/Канцелярия/Стержни/Гелевые/product501,product501,547
1503,/Канцелярия/Клей/product502,product502,13
1504,/Канцелярия/Клей/Пва/product503,product503,994
1505,/Канцелярия/Точилки/С контейнером/product504,product504,739
1506,/Канцелярия/Клей/Канцелярский/product505,product505,954
1507,/Канцелярия/Точилки/С контейнером/product506,product506,561
1508,/Канцелярия/Ножницы/product507,product507,78
1509,/Канцелярия/Точилки/С контейнером/product508,product508,423
1510,/Канцелярия/Маркеры/Для досок/product509,product509,919
1511,/Канцелярия/Калькуляторы/product510,product510,156
1512,/Канцелярия/Маркеры/Для выделения текста/product511,product511,924
1513,/Канцелярия/Калькуляторы/Карманные/product512,product512,542
1514,/Канцелярия/Калькуляторы/Карманные/product513,product513,10
1515,/Канцелярия/Калькуляторы/Научные/product514,product514,953
1516,/Канцелярия/Калькуляторы/Научные/product515,product515,720
1517,/Канцелярия/Ножницы/Канцелярские/product516,product516,667
1518,/Канцелярия/Клей/Клеящая лента/product517,product517,297
1519,/Канцелярия/Стержни/Шариковые/product518,product518,283
1520,/Канцелярия/Клей/Канцелярский/product519,product519,907
1521,/Канцелярия/Ножницы/product520,product520,213
1522,/Канцелярия/Точилки/product521,product521,627
1523,/Канцелярия/Клей/Канцелярский/product522,product522,977
1524,/Семена/Томаты/Красные/product523,product523,381
1525,/Канцелярия/Стержни/Шариковые/product524,product524,892
1526,/Канцелярия/Маркеры/product525,product525,254
1527,/Канцелярия/Ручки/product526,product526,1000
1528,/Канцелярия/Клей/Пва/product527,product527,549
1529,/Канцелярия/Маркеры/Перманентные/product528,product528,140
1530,/Канцелярия/Точилки/product529,product529,17
1531,/Канцелярия/Ножницы/Канцелярские/product530,product530,342
1532,/Канцелярия/Калькуляторы/Настольные/product531,product531,548
1533,/Семена/test/product532,product532,16
1534,/Канцелярия/Точилки/product533,product533,603
1535,/Канцелярия/Клей/Клеящая лента/product534,product534,636
1536,/Канцелярия/Маркеры/Для выделения текста/product535,product535,830
1537,/Канцелярия/Маркеры/Для выделения текста/product536,product536,874
1538,/Канцелярия/Маркеры/Для выделения текста/product537,product537,801
1539,/Канцелярия/Клей/Клеящая лента/product538,product538,424
1540,/Канцелярия/product539,product539,297
1541,/Семена/Томаты/product540,product540,81
1542,/Канцелярия/Точилки/product541,product541,209
1543,/Канцелярия/Клей/Карандаш/product542,product542,521
1544,/Канцелярия/Маркеры/Для досок/product543,product543,23
1545,/Канцелярия/Маркеры/Для досок/product544,product544,272
1546,/Канцелярия/Клей/Пва/product545,product545,349
1547,/Канцелярия/Клей/Карандаш/product546,product546,77
1548,/Канцелярия/Калькуляторы/product547,product547,637
1549,/Канцелярия/Ручки/Роллеры/product548,product548,968
1550,/Канцелярия/Клей/Канцелярский/product549,product549,536
1551,/Канцелярия/Стержни/product550,product550,77
1552,/Канцелярия/Закладки/product551,product551,336
1553,/Канцелярия/Маркеры/Для досок/product552,product552,919
1554,/Канцелярия/Ножницы/product553,product553,512
1555,/Канцелярия/Ручки/Роллеры/product554,product554,350
1556,/Канцелярия/Маркеры/Для выделения текста/product555,product555,992
1557,/Семена/test/product556,product556,491
1558,/Канцелярия/Стержни/product557,product557,411
1559,/Канцелярия/product558,product558,66
1560,/Семена/Огурца/product559,product559,79
1561,/Семена/Огурца/product560,product560,643
1562,/Семена/test/product561,product561,533
1563,/Канцелярия/Стержни/Шариковые/product562,product562,319
1564,/Канцелярия/Калькуляторы/Научные/product563,product563,803
1565,/Канцелярия/Ножницы/Детские/product564,product564,216
1566,/Канцелярия/Маркеры/Для выделения текста/product565,product565,979
1567,/Канцелярия/Стержни/product566,product566,351
1568,/Канцелярия/Маркеры/Для выделения текста/product567,product567,77
1569,/Канцелярия/Ножницы/Детские/product568,product568,424
1570,/Канцелярия/Ручки/Роллеры/product569,product569,844
1645,/Семена/product644,product644,569
1571,/Канцелярия/Дыроколы/product570,product570,358
1572,/Канцелярия/Закладки/product571,product571,31
1573,/Семена/test/product572,product572,423
1574,/Семена/Томаты/product573,product573,883
1575,/Канцелярия/Дыроколы/product574,product574,694
1576,/Канцелярия/Ручки/Ручки шариковые/product575,product575,814
1577,/Канцелярия/Дыроколы/product576,product576,77
1578,/Семена/Томаты/product577,product577,775
1579,/Семена/Томаты/product578,product578,22
1580,/Канцелярия/Стержни/product579,product579,355
1581,/Канцелярия/Калькуляторы/product580,product580,287
1582,/Канцелярия/product581,product581,174
1583,/Канцелярия/Ручки/product582,product582,108
1584,/Канцелярия/Ручки/Ручки шариковые/product583,product583,191
1585,/Канцелярия/Ножницы/product584,product584,934
1586,/Канцелярия/Клей/Пва/product585,product585,566
1587,/Канцелярия/Калькуляторы/Настольные/product586,product586,222
1588,/Канцелярия/Точилки/product587,product587,538
1589,/Канцелярия/Стержни/Шариковые/product588,product588,663
1590,/Канцелярия/Калькуляторы/Научные/product589,product589,547
1591,/Канцелярия/Клей/Канцелярский/product590,product590,81
1592,/Канцелярия/Калькуляторы/Карманные/product591,product591,654
1593,/Канцелярия/Калькуляторы/Научные/product592,product592,505
1594,/Канцелярия/Маркеры/Перманентные/product593,product593,113
1595,/Семена/test/product594,product594,703
1596,/Канцелярия/Стержни/product595,product595,118
1597,/Канцелярия/Стержни/product596,product596,381
1598,/Канцелярия/Маркеры/Для досок/product597,product597,433
1599,/Канцелярия/Клей/Пва/product598,product598,727
1600,/Канцелярия/Ножницы/Канцелярские/product599,product599,963
1601,/Канцелярия/Точилки/product600,product600,677
1602,/Канцелярия/Ручки/Капиллярные/product601,product601,660
1603,/Канцелярия/Дыроколы/product602,product602,997
1604,/Канцелярия/Клей/product603,product603,601
1605,/Канцелярия/Ножницы/product604,product604,518
1606,/Семена/test/product605,product605,440
1607,/Канцелярия/Калькуляторы/Научные/product606,product606,464
1608,/Канцелярия/Ручки/Ручки шариковые/product607,product607,333
1609,/Канцелярия/Ручки/Ручки гелевые/product608,product608,75
1610,/Канцелярия/Стержни/Шариковые/product609,product609,677
1611,/Семена/Огурца/product610,product610,752
1612,/Канцелярия/Маркеры/Перманентные/product611,product611,783
1613,/Канцелярия/Точилки/С контейнером/product612,product612,659
1614,/Канцелярия/Дыроколы/product613,product613,903
1615,/Семена/Огурца/product614,product614,483
1616,/Канцелярия/Клей/Клеящая лента/product615,product615,273
1617,/Канцелярия/Точилки/product616,product616,128
1618,/Канцелярия/Ножницы/Детские/product617,product617,796
1619,/Семена/product618,product618,165
1620,/Канцелярия/Точилки/product619,product619,585
1621,/Канцелярия/Клей/Карандаш/product620,product620,947
1622,/Канцелярия/Ручки/Капиллярные/product621,product621,803
1623,/Канцелярия/Маркеры/product622,product622,631
1624,/Канцелярия/Маркеры/product623,product623,252
1625,/Канцелярия/Ножницы/Детские/product624,product624,703
1626,/Канцелярия/Ручки/Ручки шариковые/product625,product625,995
1627,/Канцелярия/product626,product626,267
1628,/Канцелярия/Стержни/Гелевые/product627,product627,333
1629,/Канцелярия/Стержни/product628,product628,89
1630,/Канцелярия/Маркеры/Для выделения текста/product629,product629,846
1631,/Канцелярия/Калькуляторы/Настольные/product630,product630,286
1632,/Канцелярия/Ручки/Ручки на подставке/product631,product631,343
1633,/Канцелярия/product632,product632,940
1634,/Семена/product633,product633,456
1635,/Канцелярия/Калькуляторы/Научные/product634,product634,914
1636,/Канцелярия/Калькуляторы/product635,product635,309
1637,/Канцелярия/Ручки/Капиллярные/product636,product636,469
1638,/Семена/Огурца/product637,product637,198
1639,/Канцелярия/Калькуляторы/Настольные/product638,product638,891
1640,/Канцелярия/Ручки/Роллеры/product639,product639,131
1641,/Канцелярия/Клей/Пва/product640,product640,621
1642,/Канцелярия/Ручки/Ручки гелевые/product641,product641,903
1643,/Канцелярия/Ручки/Ручки гелевые/product642,product642,510
1644,/Канцелярия/Ручки/product643,product643,618
1646,/Канцелярия/Ручки/Роллеры/product645,product645,784
1647,/Семена/Томаты/Красные/product646,product646,488
1648,/Канцелярия/Клей/product647,product647,213
1649,/Канцелярия/Дыроколы/product648,product648,197
1650,/Канцелярия/Калькуляторы/Научные/product649,product649,847
1651,/Канцелярия/Точилки/С контейнером/product650,product650,801
1652,/Канцелярия/Клей/product651,product651,243
1653,/Канцелярия/Калькуляторы/product652,product652,874
1654,/Семена/Огурца/product653,product653,169
1655,/Канцелярия/Ручки/Ручки гелевые/product654,product654,917
1656,/Канцелярия/Ножницы/Канцелярские/product655,product655,919
1657,/Канцелярия/Ручки/Роллеры/product656,product656,363
1658,/Канцелярия/Ручки/Ручки шариковые/product657,product657,13
1659,/Канцелярия/Стержни/Гелевые/product658,product658,921
1660,/Канцелярия/Дыроколы/product659,product659,919
1661,/Канцелярия/Маркеры/Для досок/product660,product660,912
1662,/Канцелярия/Ножницы/Канцелярские/product661,product661,425
1663,/Канцелярия/Точилки/С контейнером/product662,product662,725
1664,/Канцелярия/Ножницы/Канцелярские/product663,product663,861
1665,/Семена/Огурца/product664,product664,658
1666,/Канцелярия/Клей/Карандаш/product665,product665,377
1667,/Канцелярия/Закладки/product666,product666,630
1668,/Канцелярия/Клей/Клеящая лента/product667,product667,141
1669,/Канцелярия/Дыроколы/product668,product668,639
1670,/Канцелярия/Клей/Канцелярский/product669,product669,884
1671,/Канцелярия/Закладки/product670,product670,638
1672,/Канцелярия/Калькуляторы/Научные/product671,product671,924
1673,/Семена/Томаты/product672,product672,50
1674,/Канцелярия/Точилки/С контейнером/product673,product673,413
1675,/Канцелярия/Точилки/Без контейнера/product674,product674,100
1676,/Канцелярия/Маркеры/Для досок/product675,product675,456
1677,/Канцелярия/Ножницы/product676,product676,10
1678,/Канцелярия/Ручки/Роллеры/product677,product677,998
1679,/Канцелярия/Маркеры/Для досок/product678,product678,444
1680,/Семена/test/product679,product679,749
1681,/Канцелярия/Калькуляторы/Научные/product680,product680,662
1682,/Канцелярия/Маркеры/Для досок/product681,product681,88
1683,/Канцелярия/Стержни/Шариковые/product682,product682,231
1684,/Канцелярия/Точилки/С контейнером/product683,product683,341
1685,/Канцелярия/Клей/Пва/product684,product684,225
1686,/Семена/product685,product685,175
1687,/Семена/test/product686,product686,888
1688,/Канцелярия/Клей/Карандаш/product687,product687,340
1689,/Канцелярия/Маркеры/Для досок/product688,product688,192
1690,/Канцелярия/Ручки/Ручки гелевые/product689,product689,238
1691,/Канцелярия/Клей/Карандаш/product690,product690,788
1692,/Канцелярия/Калькуляторы/Научные/product691,product691,864
1693,/Канцелярия/Клей/Канцелярский/product692,product692,749
1694,/Семена/Томаты/Красные/product693,product693,72
1695,/Канцелярия/Стержни/Шариковые/product694,product694,863
1696,/Канцелярия/Ручки/product695,product695,201
1697,/Семена/product696,product696,492
1698,/Канцелярия/Клей/product697,product697,538
1699,/Семена/Огурца/product698,product698,176
1700,/Семена/Томаты/product699,product699,974
1701,/Канцелярия/Клей/Клеящая лента/product700,product700,79
1702,/Канцелярия/Клей/Канцелярский/product701,product701,172
1703,/Канцелярия/Стержни/Гелевые/product702,product702,31
1704,/Канцелярия/Ручки/Ручки на подставке/product703,product703,481
1705,/Канцелярия/Ручки/Ручки шариковые/product704,product704,667
1706,/Канцелярия/Точилки/Без контейнера/product705,product705,321
1707,/Канцелярия/Калькуляторы/Настольные/product706,product706,668
1708,/Канцелярия/Маркеры/Для досок/product707,product707,570
1709,/Канцелярия/Клей/Пва/product708,product708,205
1710,/Семена/product709,product709,728
1711,/Канцелярия/Точилки/Без контейнера/product710,product710,848
1712,/Семена/product711,product711,708
1713,/Канцелярия/Калькуляторы/product712,product712,125
1714,/Канцелярия/Точилки/С контейнером/product713,product713,213
1715,/Канцелярия/Ручки/Роллеры/product714,product714,130
1716,/Семена/Огурца/product715,product715,196
1717,/Канцелярия/Клей/Клеящая лента/product716,product716,324
1718,/Канцелярия/Калькуляторы/Карманные/product717,product717,617
1719,/Канцелярия/Клей/Клеящая лента/product718,product718,386
1720,/Канцелярия/Ручки/Ручки на подставке/product719,product719,670
1721,/Семена/product720,product720,281
1722,/Семена/Томаты/Красные/product721,product721,546
1723,/Канцелярия/Ножницы/Канцелярские/product722,product722,809
1724,/Канцелярия/Калькуляторы/Настольные/product723,product723,930
1725,/Канцелярия/Стержни/product724,product724,654
1726,/Семена/Огурца/product725,product725,710
1727,/Канцелярия/Стержни/Гелевые/product726,product726,713
1728,/Канцелярия/Ручки/Роллеры/product727,product727,339
1729,/Семена/Томаты/product728,product728,694
1730,/Семена/test/product729,product729,551
1731,/Канцелярия/Дыроколы/product730,product730,583
1732,/Канцелярия/Калькуляторы/Карманные/product731,product731,651
1733,/Семена/Томаты/product732,product732,624
1734,/Канцелярия/Ручки/Ручки шариковые/product733,product733,11
1735,/Канцелярия/Калькуляторы/product734,product734,509
1736,/Канцелярия/Закладки/product735,product735,673
1737,/Канцелярия/Ножницы/Канцелярские/product736,product736,241
1738,/Канцелярия/Закладки/product737,product737,123
1739,/Канцелярия/Маркеры/Для досок/product738,product738,668
1740,/Канцелярия/Ручки/product739,product739,201
1741,/Канцелярия/Стержни/product740,product740,703
1742,/Канцелярия/Ручки/Роллеры/product741,product741,414
1743,/Канцелярия/Клей/product742,product742,991
1744,/Канцелярия/Калькуляторы/product743,product743,136
1745,/Канцелярия/Ручки/product744,product744,730
1746,/Канцелярия/Ручки/Ручки на подставке/product745,product745,582
1747,/Семена/Огурца/product746,product746,923
1748,/Канцелярия/Клей/Пва/product747,product747,725
1749,/Канцелярия/Ручки/Роллеры/product748,product748,923
1750,/Семена/Огурца/product749,product749,532
1751,/Канцелярия/Стержни/Шариковые/product750,product750,848
1752,/Семена/Огурца/product751,product751,188
1753,/Семена/Томаты/Красные/product752,product752,788
1754,/Канцелярия/Ручки/Ручки шариковые/product753,product753,588
1755,/Канцелярия/Калькуляторы/product754,product754,577
1756,/Канцелярия/Маркеры/Для досок/product755,product755,621
1757,/Канцелярия/Ручки/Ручки на подставке/product756,product756,439
1758,/Канцелярия/Закладки/product757,product757,625
1759,/Канцелярия/Стержни/product758,product758,279
1760,/Канцелярия/Точилки/product759,product759,113
1761,/Семена/product760,product760,898
1762,/Канцелярия/Маркеры/Для досок/product761,product761,134
1763,/Канцелярия/Ручки/Ручки на подставке/product762,product762,810
1764,/Канцелярия/Клей/Канцелярский/product763,product763,36
1765,/Семена/product764,product764,121
1766,/Канцелярия/Ножницы/product765,product765,780
1767,/Канцелярия/Калькуляторы/Настольные/product766,product766,430
1768,/Канцелярия/Клей/Пва/product767,product767,214
1769,/Канцелярия/Дыроколы/product768,product768,629
1770,/Канцелярия/Маркеры/Для выделения текста/product769,product769,965
1771,/Канцелярия/Точилки/product770,product770,674
1772,/Канцелярия/Калькуляторы/Настольные/product771,product771,734
1773,/Семена/Огурца/product772,product772,522
1774,/Канцелярия/Стержни/product773,product773,554
1775,/Канцелярия/Дыроколы/product774,product774,643
1776,/Канцелярия/Стержни/Гелевые/product775,product775,77
1777,/Семена/Томаты/Красные/product776,product776,996
1778,/Канцелярия/Клей/Пва/product777,product777,771
1779,/Канцелярия/Стержни/Гелевые/product778,product778,460
1780,/Канцелярия/Клей/product779,product779,42
1781,/Канцелярия/Ножницы/Канцелярские/product780,product780,985
1782,/Канцелярия/Ножницы/Детские/product781,product781,978
1783,/Семена/product782,product782,737
1784,/Канцелярия/Закладки/product783,product783,489
1785,/Канцелярия/Маркеры/Перманентные/product784,product784,21
1786,/Канцелярия/Ножницы/Детские/product785,product785,900
1787,/Канцелярия/Клей/Пва/product786,product786,705
1788,/Канцелярия/Калькуляторы/Карманные/product787,product787,932
1789,/Канцелярия/Стержни/product788,product788,879
1790,/Канцелярия/Ручки/Капиллярные/product789,product789,313
1791,/Канцелярия/Точилки/product790,product790,115
1792,/Канцелярия/Ручки/Ручки гелевые/product791,product791,24
1793,/Канцелярия/Закладки/product792,product792,910
1794,/Канцелярия/Калькуляторы/product793,product793,565
1795,/Семена/Огурца/product794,product794,847
1796,/Канцелярия/Ручки/Ручки шариковые/product795,product795,216
1797,/Канцелярия/Ножницы/Канцелярские/product796,product796,926
1798,/Канцелярия/Калькуляторы/Настольные/product797,product797,946
1799,/Канцелярия/Ручки/Капиллярные/product798,product798,151
1800,/Канцелярия/Ручки/Ручки гелевые/product799,product799,700
1801,/Канцелярия/Стержни/product800,product800,11
1802,/Канцелярия/Маркеры/Для выделения текста/product801,product801,100
1803,/Семена/Томаты/product802,product802,450
1804,/Канцелярия/Ручки/product803,product803,696
1805,/Канцелярия/Клей/Карандаш/product804,product804,324
1806,/Канцелярия/product805,product805,113
1807,/Канцелярия/Калькуляторы/Карманные/product806,product806,694
1808,/Канцелярия/Калькуляторы/product807,product807,668
1809,/Канцелярия/Точилки/С контейнером/product808,product808,909
1810,/Канцелярия/Маркеры/Для досок/product809,product809,246
1811,/Канцелярия/Клей/Канцелярский/product810,product810,862
1812,/Канцелярия/Маркеры/Перманентные/product811,product811,922
1813,/Семена/test/product812,product812,753
1814,/Канцелярия/Клей/Карандаш/product813,product813,687
1815,/Канцелярия/Маркеры/product814,product814,569
1816,/Канцелярия/Ручки/Ручки на подставке/product815,product815,203
1817,/Канцелярия/Точилки/Без контейнера/product816,product816,459
1818,/Канцелярия/Маркеры/product817,product817,829
1819,/Семена/product818,product818,581
1820,/Канцелярия/Клей/Пва/product819,product819,775
1821,/Канцелярия/Точилки/Без контейнера/product820,product820,890
1822,/Канцелярия/Калькуляторы/Настольные/product821,product821,762
1823,/Канцелярия/Стержни/product822,product822,950
1824,/Канцелярия/Маркеры/Перманентные/product823,product823,775
1825,/Семена/product824,product824,202
1826,/Семена/product825,product825,187
1827,/Семена/test/product826,product826,868
1828,/Канцелярия/Точилки/С контейнером/product827,product827,349
1829,/Семена/Томаты/Красные/product828,product828,949
1830,/Канцелярия/Стержни/product829,product829,980
1831,/Канцелярия/Закладки/product830,product830,1000
1832,/Канцелярия/Точилки/С контейнером/product831,product831,848
1833,/Канцелярия/product832,product832,901
1834,/Канцелярия/Точилки/С контейнером/product833,product833,368
1835,/Семена/test/product834,product834,299
1836,/Канцелярия/Клей/Клеящая лента/product835,product835,517
1837,/Канцелярия/Точилки/Без контейнера/product836,product836,913
1838,/Канцелярия/Маркеры/product837,product837,694
1839,/Канцелярия/Маркеры/product838,product838,190
1840,/Канцелярия/Калькуляторы/Настольные/product839,product839,325
1841,/Канцелярия/Калькуляторы/Настольные/product840,product840,670
1842,/Канцелярия/product841,product841,83
1843,/Канцелярия/Ручки/Ручки гелевые/product842,product842,462
1844,/Канцелярия/Калькуляторы/product843,product843,806
1845,/Канцелярия/Стержни/Гелевые/product844,product844,99
1846,/Канцелярия/Ножницы/product845,product845,829
1847,/Канцелярия/Клей/Карандаш/product846,product846,580
1848,/Канцелярия/Ножницы/product847,product847,805
1849,/Канцелярия/Ручки/Ручки на подставке/product848,product848,328
1850,/Семена/Томаты/Красные/product849,product849,533
1851,/Канцелярия/Калькуляторы/Настольные/product850,product850,937
1852,/Семена/Томаты/Красные/product851,product851,283
1853,/Канцелярия/product852,product852,957
1854,/Канцелярия/Ножницы/Детские/product853,product853,114
1855,/Семена/product854,product854,66
1856,/Канцелярия/Маркеры/product855,product855,16
1857,/Семена/product856,product856,445
1858,/Канцелярия/Клей/product857,product857,142
1859,/Канцелярия/Ножницы/Детские/product858,product858,882
1860,/Канцелярия/Точилки/product859,product859,842
1861,/Семена/Томаты/Красные/product860,product860,556
1862,/Канцелярия/Калькуляторы/product861,product861,100
1863,/Канцелярия/Ножницы/Детские/product862,product862,595
1864,/Канцелярия/Ручки/Ручки гелевые/product863,product863,835
1865,/Канцелярия/Клей/Карандаш/product864,product864,530
1866,/Семена/Томаты/product865,product865,322
1867,/Канцелярия/Точилки/product866,product866,630
1868,/Канцелярия/Точилки/С контейнером/product867,product867,432
1869,/Канцелярия/Клей/Пва/product868,product868,937
1870,/Канцелярия/product869,product869,570
1871,/Канцелярия/Калькуляторы/Настольные/product870,product870,403
1872,/Канцелярия/Маркеры/Для выделения текста/product871,product871,595
1873,/Канцелярия/Ножницы/Канцелярские/product872,product872,279
1874,/Семена/Томаты/product873,product873,561
1875,/Канцелярия/Стержни/Шариковые/product874,product874,848
1876,/Канцелярия/Ручки/Ручки гелевые/product875,product875,591
1877,/Канцелярия/product876,product876,136
1878,/Канцелярия/Маркеры/Для выделения текста/product877,product877,99
1879,/Канцелярия/Стержни/Шариковые/product878,product878,946
1880,/Канцелярия/Клей/product879,product879,677
1881,/Канцелярия/Клей/product880,product880,159
1882,/Семена/Огурца/product881,product881,884
1883,/Канцелярия/Ножницы/Детские/product882,product882,78
1884,/Канцелярия/Ручки/Роллеры/product883,product883,73
1885,/Канцелярия/Стержни/Шариковые/product884,product884,688
1886,/Канцелярия/Клей/Клеящая лента/product885,product885,971
1887,/Канцелярия/Клей/Канцелярский/product886,product886,925
1888,/Канцелярия/Ручки/Роллеры/product887,product887,253
1889,/Канцелярия/Клей/Карандаш/product888,product888,893
1890,/Канцелярия/Клей/Клеящая лента/product889,product889,976
1891,/Канцелярия/Калькуляторы/Карманные/product890,product890,877
1892,/Канцелярия/Клей/Канцелярский/product891,product891,393
1893,/Канцелярия/Ручки/Ручки на подставке/product892,product892,416
1894,/Канцелярия/Точилки/Без контейнера/product893,product893,392
1895,/Канцелярия/Дыроколы/product894,product894,724
1896,/Канцелярия/Маркеры/product895,product895,477
1897,/Канцелярия/Ручки/Роллеры/product896,product896,535
1898,/Канцелярия/Клей/product897,product897,483
1899,/Канцелярия/Ножницы/Детские/product898,product898,17
1900,/Канцелярия/Ручки/Ручки на подставке/product899,product899,943
1901,/Канцелярия/Маркеры/Для досок/product900,product900,418
1902,/Канцелярия/Ножницы/Детские/product901,product901,897
1903,/Канцелярия/Маркеры/Для выделения текста/product902,product902,611
1904,/Канцелярия/Ручки/Ручки на подставке/product903,product903,414
1905,/Канцелярия/Маркеры/Для выделения текста/product904,product904,533
1906,/Канцелярия/Калькуляторы/Настольные/product905,product905,269
1907,/Канцелярия/Клей/Пва/product906,product906,989
1908,/Канцелярия/Калькуляторы/Настольные/product907,product907,505
1909,/Канцелярия/Маркеры/product908,product908,751
1910,/Канцелярия/Маркеры/Перманентные/product909,product909,473
1911,/Канцелярия/Клей/Пва/product910,product910,218
1912,/Канцелярия/Ручки/Роллеры/product911,product911,947
1913,/Канцелярия/Ручки/product912,product912,489
1914,/Семена/Томаты/product913,product913,49
1915,/Канцелярия/Стержни/product914,product914,147
1916,/Канцелярия/Стержни/Гелевые/product915,product915,155
1917,/Семена/Огурца/product916,product916,696
1918,/Канцелярия/Закладки/product917,product917,74
1919,/Канцелярия/Клей/Карандаш/product918,product918,359
1920,/Канцелярия/product919,product919,250
1921,/Канцелярия/Клей/Пва/product920,product920,668
1922,/Канцелярия/Дыроколы/product921,product921,703
1923,/Канцелярия/Ручки/Роллеры/product922,product922,293
1924,/Семена/Огурца/product923,product923,708
1925,/Канцелярия/Маркеры/Перманентные/product924,product924,637
1926,/Канцелярия/Калькуляторы/product925,product925,63
1927,/Семена/Томаты/product926,product926,260
1928,/Канцелярия/Ручки/Ручки на подставке/product927,product927,579
1929,/Канцелярия/Маркеры/Перманентные/product928,product928,228
1930,/Канцелярия/Ножницы/Детские/product929,product929,146
1931,/Канцелярия/Ручки/Ручки шариковые/product930,product930,274
1932,/Канцелярия/Стержни/Шариковые/product931,product931,851
1933,/Канцелярия/Точилки/product932,product932,755
1934,/Канцелярия/Точилки/Без контейнера/product933,product933,165
1935,/Канцелярия/Ручки/Ручки гелевые/product934,product934,221
1936,/Семена/Огурца/product935,product935,734
1937,/Канцелярия/Ручки/Ручки гелевые/product936,product936,443
1938,/Канцелярия/Калькуляторы/Карманные/product937,product937,546
1939,/Семена/Огурца/product938,product938,870
1940,/Канцелярия/Ручки/Ручки на подставке/product939,product939,221
1941,/Канцелярия/Калькуляторы/Настольные/product940,product940,304
1942,/Канцелярия/Ручки/Роллеры/product941,product941,314
1943,/Канцелярия/Ручки/Ручки гелевые/product942,product942,800
1944,/Канцелярия/Стержни/Гелевые/product943,product943,783
1945,/Канцелярия/Калькуляторы/Научные/product944,product944,81
1946,/Канцелярия/Ручки/Капиллярные/product945,product945,649
1947,/Канцелярия/product946,product946,108
1948,/Канцелярия/Ножницы/Канцелярские/product947,product947,209
1949,/Канцелярия/Клей/product948,product948,587
1950,/Канцелярия/Клей/Пва/product949,product949,882
1951,/Семена/test/product950,product950,480
1952,/Канцелярия/Клей/Карандаш/product951,product951,407
1953,/Семена/Томаты/product952,product952,899
1954,/Канцелярия/Ножницы/product953,product953,810
1955,/Канцелярия/Стержни/Гелевые/product954,product954,249
1956,/Канцелярия/Клей/Карандаш/product955,product955,132
1957,/Канцелярия/Клей/product956,product956,253
1958,/Канцелярия/Маркеры/product957,product957,23
1959,/Канцелярия/Клей/Канцелярский/product958,product958,990
1960,/Канцелярия/Дыроколы/product959,product959,984
1961,/Канцелярия/Клей/Пва/product960,product960,411
1962,/Канцелярия/Точилки/product961,product961,295
1963,/Канцелярия/Точилки/Без контейнера/product962,product962,969
1964,/Канцелярия/Точилки/product963,product963,148
1965,/Семена/product964,product964,350
1966,/Канцелярия/Ручки/Ручки гелевые/product965,product965,516
1967,/Канцелярия/Ручки/Ручки гелевые/product966,product966,282
1968,/Канцелярия/Ножницы/Детские/product967,product967,994
1969,/Канцелярия/Клей/Пва/product968,product968,332
1970,/Канцелярия/product969,product969,776
1971,/Семена/test/product970,product970,882
1972,/Канцелярия/Калькуляторы/Карманные/product971,product971,234
1973,/Канцелярия/Маркеры/Для выделения текста/product972,product972,738
1974,/Канцелярия/Закладки/product973,product973,500
1975,/Канцелярия/product974,product974,184
1976,/Канцелярия/Ножницы/Детские/product975,product975,912
1977,/Семена/test/product976,product976,795
1978,/Канцелярия/Ручки/Роллеры/product977,product977,394
1979,/Канцелярия/Точилки/С контейнером/product978,product978,21
1980,/Канцелярия/Клей/Пва/product979,product979,925
1981,/Канцелярия/Клей/Карандаш/product980,product980,73
1982,/Канцелярия/Стержни/product981,product981,272
1983,/Канцелярия/Калькуляторы/Карманные/product982,product982,923
1984,/Канцелярия/Маркеры/Перманентные/product983,product983,300
1985,/Канцелярия/Маркеры/product984,product984,760
1986,/Канцелярия/Маркеры/Для выделения текста/product985,product985,823
1987,/Семена/product986,product986,764
1988,/Канцелярия/Маркеры/product987,product987,64
1989,/Семена/product988,product988,442
1990,/Канцелярия/Калькуляторы/Карманные/product989,product989,369
1991,/Семена/test/product990,product990,471
1992,/Канцелярия/Ручки/Ручки шариковые/product991,product991,797
1993,/Канцелярия/Клей/Клеящая лента/product992,product992,934
1994,/Семена/product993,product993,621
1995,/Канцелярия/Ручки/Ручки гелевые/product994,product994,725
1996,/Канцелярия/Ручки/Ручки шариковые/product995,product995,634
1997,/Канцелярия/Клей/Пва/product996,product996,624
1998,/Семена/test/product997,product997,685
1999,/Канцелярия/Точилки/product998,product998,123
2000,/Канцелярия/Маркеры/product999,product999,544
2002,/Семена/Огурца/Степлер,Степлер,100
