"""login"",""first_name"",""last_name"",""password"""
admin,admin,admin,$2a$10$h7.93tvgDjBShTtweBXZjO9RYXy1ih7qwd6nx8a2g3JljfwZyOvGm
user146,user146,user146,$2a$10$dFmf8bYioefCZ5.7MIpmK.xWpftpflxdAhSuVo8N.95wgSVi781Ja
user147,user147,user147,$2a$10$7sd3g1uOZstHkUywIt7byOURMghW5Z2yhLQCK1w882xaL89mYKzeS
user148,user148,user148,$2a$10$NpHTEdLuDes/z8/KmmoJwu5LahmyMiEyzETef24fV9wRosOKmPcZe
user149,user149,user149,$2a$10$JPSsbiDOZovrIG.VAQRjw.OhHCDi0lkS98bY04Z/JN28vgBahrgVi
user150,user150,user150,$2a$10$Ae.hyEMusFO18R2WKfkls.yXEJOf4/0Xo0N5v4.Mcu5EDBoUqaHNa
user151,user151,user151,$2a$10$U3I9ldc8pTkIG7D8jbSWPerNAtrUNExj7jArzMaAcJI.MExkgK5Ee
user152,user152,user152,$2a$10$/bxbq8KRfRwNalxUqM/.2.r.vfU5vpboAFD2SwNIEXD80IesojhUi
user153,user153,user153,$2a$10$ejzdXRDrb/SzposLftGhPOA5ubaeLGS7.7Go1biwKVRIa9mzQNY7K
user154,user154,user154,$2a$10$bQH0Qbja6fVm4QiXKjGFyefHv8BxR5fcWkVwVi8pF7hJ8SwyrO4hy
user155,user155,user155,$2a$10$uqlDDCVhAggQLSMwKyKeSuM1wY4.sluFBcYgm8d0te2eMOHDG4Koe
user156,user156,user156,$2a$10$f7bC10PoxV48x7snLm.6R.3t3o/T4nhmn.J.FyibC/Ls9EIsCCARK
user157,user157,user157,$2a$10$cePT.v9FI.jXJQZzj6QaGeZT6B2WpaN9GfpTuiCTdaRmlyGQsV6v6
user158,user158,user158,$2a$10$/bTB7BdPae9Bdx4/FJAZqu7JYxQcPwzetPQeyJRj3GbcEEIG1WTS.
user159,user159,user159,$2a$10$yXqD3C9UbH1f/.hpCrf.IeNXVQpd9UcRqOHeaxDdpIw3fzaafteZi
user160,user160,user160,$2a$10$Ebcb1Y94m3qLmiG1aqTi4Oesx/O6Zs0ErveTRccjXLT/uNTMCZzDq
user161,user161,user161,$2a$10$lP1iSW93YrhWTIaxGDOZqu5ctyFZ9BSovNbhUBqQftiww70YOlox6
user162,user162,user162,$2a$10$JmpsaOrNPKTyMExZ9bKh/O18E8MLbjWsKPt8FH7DZlb5Z.y9tH.Zy
user163,user163,user163,$2a$10$J4RRiyIEWTLF/jWwglzbOORuxFAmx3DYrBNMRiDzJrFv5MNppkvIy
user164,user164,user164,$2a$10$kfI2sPvu5KnnkBg7wqobA.7GLgot2NSjV5aVHwzJmNVmDvUOz2rSq
user165,user165,user165,$2a$10$vX5Legm5VyeFWDXVcHs0ruJgeiLIiC4KpuII5pO0ZaYOq2ZoLO.BS
user166,user166,user166,$2a$10$Da67Ny1Z8bEswhzJ1nDriOtHDj7q4wUF8FZAaiREFtbasgnfbm2wS
user167,user167,user167,$2a$10$UwrFY/adSxBBJSDTY78z5OBu6rNMaPYDMZznDdaH82oosmaMfMWY6
user168,user168,user168,$2a$10$2OzAsn5S5M7tVcLhuNHcru/3hpXZHO9LpDfcL96gpbn0roKDwnWKu
user169,user169,user169,$2a$10$F/O9PjelP3mFgN6i3KmuiOflN5rAa1o/AhJNjudjjZoOaDMMmOSMS
user170,user170,user170,$2a$10$v7.XJEvokJWKq6UCEklsXe62k6sZhbJtxh0J5BWmMV4mnmuFDrTfa
user171,user171,user171,$2a$10$YHdUkkaYHG.lc5NMeI.CpuU8Y2A8aw4JHaB.Ab.Ntiwv8N350c5yO
user172,user172,user172,$2a$10$Atxuwsvqm45X/0810iFn9ulSVOALrC8TyygTov46XsPUN.xOqNt0u
user173,user173,user173,$2a$10$.Ln4q9dpaBoBR2shTSqBuej/gMfRSVEZEpryQ0Wxfxc2MQxhSFcKS
user174,user174,user174,$2a$10$ZJbqYeJByoH7sa.bFnwPUuMRZ3y2uGEWa.TyCvCVSJWiepy6GdHDq
user175,user175,user175,$2a$10$2i4BPjR0ZYIACX.gxGYJZeyk/saKV3Pyvmjjw7SXFAtTV5DK0kqFa
user176,user176,user176,$2a$10$XSwRHlRC868cYnH72CVqfetnKjb3zEbZ7m6TKNlRyh7AdZ9dv2l06
user177,user177,user177,$2a$10$nFjzhyb8aeXQuTdbOwCu4eXrn3VjiaQxm6DMEfMUx8b.7bjCyMr6y
user178,user178,user178,$2a$10$1ZQeRpQ8rL8YZVGabnuALOgrJoGfbFnPwLKuxV6Ds1qTPisEqx/jO
user179,user179,user179,$2a$10$NI.UdkBx85MKANFyw1M1OelCsPqwfxZkpQNXosCuhbsZBNaQyOLhO
user180,user180,user180,$2a$10$UMI0heE8SoiLuJL8YCVTUOgmgZJY9S0CT7.D8OXzuDTq/LUp5MG5W
user181,user181,user181,$2a$10$ZAVYzdRBVhGPxi7g.f2O9e3sZYxFPHLDVptaNO6qaYhu9IM11fglC
user182,user182,user182,$2a$10$aJhx2rtTi.srEJtM/5lSteXGIeetMaPggTJbs67aJqcQq7HwgC7ee
user183,user183,user183,$2a$10$XePlTGgyKiCRqCHK2jjpxuIALAjDUPAqJc2C0iseOTli0GBoYSk0a
user184,user184,user184,$2a$10$9LUxzxqrGTCKGrUGfh6obengVWHXvvDF2voGgJvAVQQo7mAMCYOP2
user185,user185,user185,$2a$10$FqSlhxM7FSBGBHd7gxYAO.xdPvTftoE0sipw0RmmURZiVMfI13yx2
user186,user186,user186,$2a$10$2b9tAah/lmb9bk3hL/qUCe91j1LAzgdk2aNl5g9G9DNSzUDJrdZ3a
user187,user187,user187,$2a$10$BU9BQ2OOkFonpE41xMdw2eX2.n8nfLOpYFNfiVmMGlHMMyuW5N/u.
user188,user188,user188,$2a$10$86xpsUcYoTolWeI4tIdDXO18CXwYVzHPoCriVIkTmzv2kejT4zd1i
user189,user189,user189,$2a$10$ApkzKuG1M9A7gmVnNeiB2eJrKViXlk4xEuaAPmxYOv68az5IYbcMi
user190,user190,user190,$2a$10$uGVNdu4eO8YJwc4HIv5Ux.XMzBxspKQZQf2BPwCkb3rn/4F6MVkqG
user191,user191,user191,$2a$10$jSYIaJJNPMf5CgM1IpcEhuD7ThnUf9GbPwxTvdPu5KGhysFNVhnvW
user192,user192,user192,$2a$10$66mjVkj8MV1z4xy5mXolK.xdXvpExgunO6rZwsbA3mSRbjdsr5AGK
user193,user193,user193,$2a$10$fcqXM4kmt5X4PgANkyHMeOuWxWb3JV2G2CyjU6XpZqjIj1pFK5Cre
user194,user194,user194,$2a$10$LrGr4VjJqWdPjQGJ65iOb.mz9ZFwLw9IppPDundNo8yAakKnY9Vlm
user195,user195,user195,$2a$10$EwGrjriv/l7LGhmLaOE3GOVhF09hdCJdvjp6aDpA3J3x7WE/KMUse
user196,user196,user196,$2a$10$4kcr.6l757EtDIWZgfWe.eNfzbaKhbhnNxzkNRP288VRwySIbcVt2
user197,user197,user197,$2a$10$7cFdKTuAJQxR4vSSR1M04ewLLziPnDDC.RJaPiz.ODIvC9vThAX0W
user198,user198,user198,$2a$10$D.jlgVqpVawWrwvT1ppWg.pYaaQ6dyBRTeQS5rcr6/jPtosByhZGC
user199,user199,user199,$2a$10$ubkCdqpW4F9h97Opf47InOhTEph2pixZsW8sBPwmS.FIDPheWVZ8y
user200,user200,user200,$2a$10$/hSUOg6EUwBvXXa06qPqRexpQqGFSZqAmviBs.p3tjFRfG3Y0D/fq
user201,user201,user201,$2a$10$2jGIEuXchqlPwrvwru1YwOmnTuLeK6C4IS6ioTOp4wi832JVjG4Yi
user202,user202,user202,$2a$10$8DEIJOFhqpSUi983AS3jHezdkIEwrB5DnRAvb7TuijDx1j3hmmOZu
user203,user203,user203,$2a$10$Qk4g1j.b8ky.a4e5JpPVlOpx8iMMCZ/HQqA7j.jpdblFfJQdCCo2i
user204,user204,user204,$2a$10$TroZgAF4Gytxuy3TwRow8eGi9gIOjcqEs3OF6.vY3nZpVQ.uFwEuO
user205,user205,user205,$2a$10$IoYXjMGZ92GC.5pNrm5zwu5aiDlonWnVxU/qHyfRaRSvbmFmFWotm
user206,user206,user206,$2a$10$yvXK6wcubr6JZfVMnPk0k.1F0V5.DPGJQuw2T47Mp.jO3fDz3Z4/G
user207,user207,user207,$2a$10$rgRqgvQQjiO3Bd7ZOsxyH.mCmsBuUb3kWjDZwTIRmvfXd/Ab3JcKy
user208,user208,user208,$2a$10$eWJlYSKMfhdsxJy63tSF4ecaQXWMeggF344mixQ1eeC6nSmBpn0Qu
user209,user209,user209,$2a$10$f6Fcz/Ll7W/Eak6vy8PU2.l1GUDvipCE7FkG76uor/fMWL88Y7fmq
user210,user210,user210,$2a$10$DDFbBCnHqU9TA3bjejIe3u1LPQQgH8egBZbpGXzYD.W89e3lKQ27G
user211,user211,user211,$2a$10$RPClJBy8Of6lD3tALTsIje6CD4VlXxU1meA5QBxwFMrdm6Wg0ksmW
user212,user212,user212,$2a$10$33ywdthlrlMci/7B5XwJ8.wDZlRmRS26WdlYg5MNTIrMokSxQra16
user213,user213,user213,$2a$10$kqUMwlfDFDrKMDSDa7EVNe/fhLNzfJe3SSfQtcR2/lnjSAIFHnEOC
user214,user214,user214,$2a$10$gsdXPscrcmpkgZQ9nPTdNOWSV3HoSeIYwGqU6gPC6R6pAa/HbjXoO
user215,user215,user215,$2a$10$OcPt/sBHSgtorb2iMLk3wObdjgX9bzFX6Sxe/vdTRhMPVzzE2KaL6
user216,user216,user216,$2a$10$7/11gdvKvqmPbawjzt8tgutrN8UXOcvAUaq3GXH7SMu.lZb.jsc/K
user217,user217,user217,$2a$10$6R1aKwzLVhJpCe.i7mS3U..hrcitWN8Z4MsEX4CvuVreBVdX9ecsW
user218,user218,user218,$2a$10$sMeFydY2s5iWsFxiy6AuMOpU8MJQzJLXAybXfrE88GNzrjkMWF.Ny
user219,user219,user219,$2a$10$9/J8i5fgAH1Gz3CSg4j8Tuvba6kLLgQ/RSDpJO/1vjz6xW1Vjzana
user220,user220,user220,$2a$10$XZ8dlpmP/S94FRSSp4bW1.Fb1YYFtZSAufH2AgEkTm4y3W0sW/0Cu
user221,user221,user221,$2a$10$l93gEYSV4zfZM8XR.HfUhuYQ0zCS11ZT7wqsVqPazzXhohKMXG7xW
user222,user222,user222,$2a$10$7d9nUFgr50m/ZDUlwqt53Oru/tZW7n6.wUrlHh7QykM0yeCh.nAuS
user223,user223,user223,$2a$10$0uCglJ9RXk5EW70w/LzpgumhF6JrC7NyHAg5zS0BVgWvkqu2DI.UG
user224,user224,user224,$2a$10$TGe4x7rAFDkUmbSwbxiBfumJ/7NYVvvZCYf3rbo0gUDq86QnT4Kre
user225,user225,user225,$2a$10$tvlax2kkw9VPLWhXUMzTVOOdCao78PWfSX70ZIoOZTYRXSGPH.Hna
user226,user226,user226,$2a$10$7Nqv1Vp28Qv7/U4np6Dvh.ecHLTzLq3QgKmRC62ytOJW2u.O7AkzS
user227,user227,user227,$2a$10$bE4B/3FEZo0RMGfck0mf6.xFAyKaHfaZwV0x3do8WdXeGr33SdWJu
user228,user228,user228,$2a$10$dUve8YVXYFR1XIcgBZP4e.M0vFX4onna.vDHYeQggvCGAjPv3qAmm
user229,user229,user229,$2a$10$IgiXDsDIQM0CYjISm1K.keyt57BqYtdtWrLIfCCHJrn5FoLVJycVe
user230,user230,user230,$2a$10$sIQQprWcCcI7o8uB3jsMEeskd9FpioEP7m0pAAedtGvCk6LM59r9K
user231,user231,user231,$2a$10$S8n1eBUkmzGIDDSX8Fm/qOzZcbPHE1n3yEDxm3YGBsCoe/qoegBPG
user232,user232,user232,$2a$10$PMclc7JLDKyk5TR4rWL68./JiIxFFQwoRnhr5RmyfVHk/1rFp7I9i
user233,user233,user233,$2a$10$pXEoYyHs00nJWO7XFuqEzuDJx57mO40L2BYIrP/pTWsIyC3KnQzkW
user234,user234,user234,$2a$10$ptXqo60rOsSLxBmgJ9RphevbTOOFGqizRwGVlAYfZ4zqtJ3Q4KVM2
user235,user235,user235,$2a$10$3Doiv68gHp1z.jA1ST8PUOMhHQjD4xJg9BG4/EfUad/5HZS696rNu
user236,user236,user236,$2a$10$Nt03yjwbMx.elTyb5MxXi.iYFRjS.xHiiZxx7.V5E8fSj41akZr7.
user237,user237,user237,$2a$10$ClOAtniObRUg17perOd0/eSO.gjSzz5m3UQJsjL8iZCxRWwWohu4e
user238,user238,user238,$2a$10$pZs8VScpk3RyiMVwfL4SmOAGoFi9G8o28TbQOKG970qtd0pC1Nb.u
user239,user239,user239,$2a$10$eHdaj.C1Gsw9NiTeLNxvpuG3/uGSRaV.ZIvJJu1xta0gl1CTtesui
user240,user240,user240,$2a$10$SKLZcH1OzvDGKWcJdx8T.e6QOBPfMNKjtRxAUfAKzT2q1kTMlua2K
user241,user241,user241,$2a$10$5/Jk5CMcIjDgMgAzjRN12OSHEKDg9Qv/sc/BXtzTpjA5Hq7Jmv3dy
user242,user242,user242,$2a$10$tlY4yUggFicCmFiO5jTg2urFQ3jwKtVfFGFdEUkLBDv3cx.6Ookwe
user243,user243,user243,$2a$10$.F3v.SSZdsX0DQIhqOmWoOO3qNePXXRqZE0UeQ4yWq0LX2fRbVsg2
user244,user244,user244,$2a$10$zm2UgZ4RaXUmrxQq/oj91uR7lpJgFztR2Wds68SAEuZSVC.0KVlwW
user245,user245,user245,$2a$10$0BIgxRuifRdCdk.0RR0nweBa9EvEaS4hQBjcXaYpaN8oUSD4K6J0K
user246,user246,user246,$2a$10$yR7QBF.Us5poUEOjtuFgn.wdwmpYO4EZDkpS44xCyyvZy9JKfRkHG
user247,user247,user247,$2a$10$M8mtqbiXlHmKlzCFO6Q3p.8oNqTyzDBNBXopC01FOgzh8I0QHocDS
user248,user248,user248,$2a$10$CQjhaQWNw8o3RGbtlBkWB.kqCkHgBzEPL.pFB0cbM9Iby.gQ8vxqK
user249,user249,user249,$2a$10$ec/OTEpgDad9OE10ohGbfeOdabX6xB3bzrpmXgk3C.yRGNGWOQK/O
user250,user250,user250,$2a$10$jN0J.ztY/xUIa0LftrK8o.VjaH.QVykPvksC3PbzuqntxRyM7pfrq
user251,user251,user251,$2a$10$RLePwDe6IMhuM18Ys64JkuRPGkAUS9KwsLygXAnJqSdGA7Zk5NDne
user252,user252,user252,$2a$10$/VwtD256DRllyAExXA0QMuiqTa6m.r5FZJyUi2qLHy7J5BvAwEm4O
user253,user253,user253,$2a$10$Qxvt4jVPUyBrmeKHNla4Ael7jCoBRKPkNRWRPlQRHMfbjFiSWT0Mm
user254,user254,user254,$2a$10$LukTIP38U0pIEDxcgoyhSu8qT81M1yEtes28CE4okWyvO/ibzSzmS
user255,user255,user255,$2a$10$ICZnJeids5KFFE.5sq3AwuXYyWoa6WwJZ4Q57EIr0U5mKczSrupPe
user256,user256,user256,$2a$10$vaYIdCrdsXdrRn8aECAhM.A8MixfLOWC0G.i45oXxm4lJ2ScjoAOm
user257,user257,user257,$2a$10$6qD3qUlXCLmQjRmMBW1nUuFjgMczhfbGnt41Pe0ox1B4hbTxXj24i
user258,user258,user258,$2a$10$cDykz79tsMgEAyzWXpHAn.YQm5lEA52vMVO2/QfReoH43R/9MN3Mq
user259,user259,user259,$2a$10$1WTZvW4XBcLDGFN9Y1aUU.YAU0UrK/yacuLi55XMi.1W.eRviuumy
user260,user260,user260,$2a$10$rc/WoXjibyBVRIJkNQ23B.DxQjao2jbo1sB3cGvBswILKjf6fklMa
user261,user261,user261,$2a$10$GnLr3zkDn3I13FDwHDH3Ku8d96UHSh6IZ6dn41dCYlHaLXkS9rq6e
user262,user262,user262,$2a$10$cGFBSbAvwEYzmZbgJi7Hf.fKOXvBX0t1fFwF9vjij4JRnR8/FLZri
user263,user263,user263,$2a$10$gt/AjGHtGx.XH1pi8Rbv8.11NDbFKN0DP6qZdZ6kheUJME6D/teFS
user264,user264,user264,$2a$10$gS5eiknKH8xnxMa4UGIJfOLaRec/L17jXvW9QmsLMY1xHyzturK0C
user265,user265,user265,$2a$10$TfacT0awEoqRDQDycvsm6.SUI.VXTzULtNw7uY9LyAK9EMlN/M8yC
user266,user266,user266,$2a$10$szmS.4iOwodnnUI7780xeedWT04wW3QDLMJFb8cYuUJLXirv9zLAG
user267,user267,user267,$2a$10$2i8KOgoccq8Ym3pixd0d/OxAh7VjJCjhA52EtDNf4msbEm8tEamIa
user268,user268,user268,$2a$10$7re1MDmF6QPfNfbN87Fmou2G8SQ41EDWTxKWschtJHpSO0IB88GDK
user269,user269,user269,$2a$10$mL6QkV4beGvKsczco98htuQXq.2gvLQLiQsOwMTAkcGDWy6ZjnvcS
user270,user270,user270,$2a$10$lgMRstgOAawAWqfEI0sGdu3Fy1b/dgq3DZHupFEop6r9Z17/SZ8Kq
user271,user271,user271,$2a$10$1MsANpNpJL.4IZBAbrZhyu86RS7vGQ2B8r0HsCE6nOYem/PW8LmAW
user272,user272,user272,$2a$10$AQESkjjj6R0edI80dIRs/OAXMYfMpY7HWqrQHrpwXdcF31PAF6z.C
user273,user273,user273,$2a$10$qNZwcoLuGbwqkDr3i3npJOaOkBx4Dc7c..eymlSFOqifSLz49Os72
user274,user274,user274,$2a$10$bUGeOOpS90NxmGHtlXJ5WuXuuiKpuMpypQfP8pcHh97MJjqbcRjoW
user275,user275,user275,$2a$10$cmAV37n6LaucQDw464L3x.b/ZKM.CM1hu5BupgtJlI.m7GITHhSYW
user276,user276,user276,$2a$10$eelAcMkz8rzJVUE.PIHIMeQI6oXOe7cUChu9b4kQvOY7MiuzTsx2u
user277,user277,user277,$2a$10$eGEflOFQLHuexgXGeNxcW.JYGNn6ttw1JkalpsVoqeyZwaz4xBUlG
user278,user278,user278,$2a$10$6BG8bETIHABEI1FrJ06bK.gqiYV9wUACC9j7KAxPMymU2j28t7dre
user279,user279,user279,$2a$10$Z7t0Pfa6SJ4mceiFphhT8eZ4Y1oWSbuj29KOXugtd9R8x.rVNvXHu
user280,user280,user280,$2a$10$.PcUzvAXeVEfphP445tWdOmezCpmKFVf8l2IlEg0ncTniRq9ME.K.
user281,user281,user281,$2a$10$wGkNBbNxKq8iaDOvNpk6ouf9i8f1ijqVx7nBeDVVi22ylCCSrTJQe
user282,user282,user282,$2a$10$UOyILtdIDPzmgqI2IssBlOEoyzwSIfTiuO49TE3BJKu7r.z.ZJVoK
user283,user283,user283,$2a$10$WHoI9D0294mBlRYzIPtDROh1Fuh5RIk6IQDR0jW6XcxpaxnA/08OO
user284,user284,user284,$2a$10$zBZyXDX1w5YIUGAnOLvoYu3YyX8nMkvyyMtxnnOvmidjYqyHe9q0e
user285,user285,user285,$2a$10$IkSK9weEO28.NOuUXpffU.yg3rFfiTWPOkJgWOX5tR80T75lhE3ti
user286,user286,user286,$2a$10$R9TpSH6ut/y012NEIXnty./xa9kI7o3JBHMEfSYocWoA85hmSpy8K
user287,user287,user287,$2a$10$YhYFYWROvi1U/nh2qp1FLOZgFrON5qwv4AIG2qMo6WOBC1iG7uK8W
user288,user288,user288,$2a$10$is8s3vw6hJB6IwYx9cY8r.snTgW2wjLR9lGBcVEy7xmWJPhWF351i
user289,user289,user289,$2a$10$K2PE1HTySnJDdH4oUkbLL./ZFoyLH8YC01M/6FPzTGCm3uU.93bV.
user290,user290,user290,$2a$10$0PwYeykpQ.JVbUyIDKu4tOYjlMxVnyl5OpCf8mwJX5R5HRaPdV7Ze
user291,user291,user291,$2a$10$sASWDa6mF/VY.yw25laTNeP8NyO9shkIQd9K.q719fb2iIFrcm.9e
user292,user292,user292,$2a$10$NH3Hha7nMTWDQayoVQuJr.3u62CL7fdEKYPRWYOnvYJCfOfnEHPu.
user293,user293,user293,$2a$10$4KgiojE8BKMxIfaf4w.yqu1j1CQgkNrnXFuaSHE4vRaP8gNCEYq1C
user294,user294,user294,$2a$10$Y8h5VaaUZ4PpI0Eyer3pJuRlyr.oaiINSxMbfiVh0KKR6bAm4bEoW
user295,user295,user295,$2a$10$5pfQ5.N.Wc2SrHtiPiwOuOqTVtN.RApxNGU7WeQYKWzimxg6tjEgq
user296,user296,user296,$2a$10$FgdW2t/GP4VSAKu5d5fZW.sv.JHqRO3BywqsgfyStDCio.xqGo9PC
user297,user297,user297,$2a$10$MeAeSP5vy/kZhYUa24fFJ.WCT3BIo5hGNnN/27rcfro9KihxF6mQa
user298,user298,user298,$2a$10$pt3gqYrHid64E0mROs1pIeFNGKLjuGHDfNI0M1wpnZv3r9WTBLccC
user299,user299,user299,$2a$10$nT785LUz.tGwecxALBheJ.ERdzguiZXypIJBQCu8gzaMg7p0xMGB2
user300,user300,user300,$2a$10$2tGY0b6UkIzTha86PQA1ROgGSnMqD5dNEtnLCsu4L9.ziWk4s8CDO
user301,user301,user301,$2a$10$h6vcUONBdAja15FByNifV.KFZxJLqhJhbNWnemar8qSvS/UciZl7W
user302,user302,user302,$2a$10$F5aC0rKb2hjVWlfcc3/57eT4gIRRFUxfaMj4/jYagUGhlpUBCCLoC
user303,user303,user303,$2a$10$ZWjambWFeDSRpTz/e4zUxuDyUkem43ae3WBsWFZvyOLIGu8S/.Jbm
user304,user304,user304,$2a$10$7xi37lviw6RvV7xV6wKdVOb3eG9gpMRWUey1UdQY0yavPzCElpVjC
user305,user305,user305,$2a$10$.enSamh1vhZMlEeyd1KD7OjArMDPoj.1qwK6pOY4v9/dfb0XI6hT.
user306,user306,user306,$2a$10$BxUIvagmw8o8jhFfYsEU4.SHn6gsNxED9VIpo6.gdsmo6yH6j1rmq
user307,user307,user307,$2a$10$Q/g3.k7OLWy7yyK4r1QY.eo1k/UEju5d0NufhNHd7hv8NKIRO/j3e
user308,user308,user308,$2a$10$6ytuPdQagqXT9U9xJUgclevv47wb0N3cWC9N3uc03KqqdJHtI4hfm
user309,user309,user309,$2a$10$M8ilfAqdkcJPDuOrS5CmH.jn4657sURX/UhpzqBBVhf4cVfEtRYtu
user310,user310,user310,$2a$10$H0byJZPw23fw/50ZlOvdIOazowBaq5//1XV5l4VVINIXig4K.4nGq
user311,user311,user311,$2a$10$MTbDsd7eSPh0QYX.1IFCvOfxSAb3/f/IsVu5petD4xvjwk2VzNdbO
user312,user312,user312,$2a$10$8p10va7fqwZLOgfzWFXLt.sIzAhCJMPpp2UFWbqWpxYhKs//wSZ12
user313,user313,user313,$2a$10$.ki4KXzylpw37hKr/qWJtupEPP.JuaHRqdWsywdRd7mtSIPPngCfK
user314,user314,user314,$2a$10$qjvVhthWxgrXB8xUt4ZJ2euYpdxnMUXAa7/hr2nmr/6/SdhkG4uwC
user315,user315,user315,$2a$10$J9DdmqgNme74Pc7QD5naeeymbedsDkfQ8C1eNrVXQqVl4eBufOYNW
user316,user316,user316,$2a$10$nPPR5cVJDkSMhqeXjmd4AeRYYqe.XH6gg4NzVRjyVBIXVHVToVzji
user317,user317,user317,$2a$10$uBBt1ZA0B0m2Wc0StR4tU.Y1DbrKwv8.Mcv9Z4z0pezBA3nSTgc0C
user318,user318,user318,$2a$10$s3.X7bPw6teXztDxSD/QXu3bBqvRdyy7bjU8zCe8OrU2UndJwyb2C
user319,user319,user319,$2a$10$zE4YKn4kbwHXd/E7m/dTo.CHHyE8Ve/V7zh/It2Z8d0LRRetpoJRG
user320,user320,user320,$2a$10$GGgndBz0LLdpOa59lGjmceTWl8N4wY0OKuLQVQxhwCJ/Ue2s2qEHm
user321,user321,user321,$2a$10$/7PGMPPnrjI2LywTIgL2v.Z7ltMKlODCGQrfqGUUb0YltNyaSAIwm
user322,user322,user322,$2a$10$AyCg9Dsp5TF7J0rCvMJsgeCuzg6hFwF.tRvdO08LWQtwYMaQu.w6W
user323,user323,user323,$2a$10$V1kNf37cCsqgP1hDyOgWKOzPIH/BRFHGOUKsSGy8TpYMwAtd9PzRC
user324,user324,user324,$2a$10$vOIEc5WDK/wMngrtPCZrYeKvANT.XXiwM8Am0Gv5vj3ZuiKD6lOzG
user325,user325,user325,$2a$10$khIN0Jmpbonhp24a.g6s/uqfRaUK1oHAIgnrpcjYGxwh.4k6dqd7y
user326,user326,user326,$2a$10$lGCKd9Atx78K.8seOn6zi.y1ic5NXH1ITPk8ElKDG5V3Rvr3s4NqG
user327,user327,user327,$2a$10$0tzwfcuOG7pltFeiwaYX8OeIgfJuronME1u7jnbJq78P5fij66KCq
user328,user328,user328,$2a$10$t3txiL59QFiE7qxkQMD/ye0NczgUo.Twd./Cl9gbLJ9nJfmQ8AE9i
user329,user329,user329,$2a$10$ZlNpKSR0by2FVxza08tbFOc0ZLymMS8meg46JZx7xtoNt/BFGDk1C
user330,user330,user330,$2a$10$pwaAmJsN152YF.ggWNXC2ObIFuOt7PrdNUbgguhHBWhwNbO0GDSdm
user331,user331,user331,$2a$10$Q.FZXiYrwM1fWLd/Zo4FoOJCfjDRObJPKehCpm0ZWKYh1dcX8SZhq
user332,user332,user332,$2a$10$Fe7.Budw8NmdHKsG/fU15./zeM1ovSTqlqP4wYImatpqoaIkMg4Iq
user333,user333,user333,$2a$10$lqmZHVZrA40P3gbzJL8Kzu0CwoBBTRTE6R5CqWaxsJT1aFJ2C/Cs.
user334,user334,user334,$2a$10$P.RpRXuXDeRCppeWhJopquz8gYBJusGn1j5/Fs2K1u68RKqfDXvA2
user335,user335,user335,$2a$10$G3pKvDDRmudSFAqtEFe4ZuRvonWSXAyxKypWiJsproTwo9Dn2eNgG
user336,user336,user336,$2a$10$B8H06ZJO1pSoNEsf0NzZtOi7PbqZWQKXLdt4oLFyiyEd/.WEaFtKe
user337,user337,user337,$2a$10$52jR85n7XDZ/pZdEKmz2wOoNWwlIUpA4IldPKUC0f4C/i1xWG83DK
user338,user338,user338,$2a$10$92ZRkveplXEnklqIl6aIz.crAM0mmd6QKJHh8wYKV5EJnlRyNJZC6
user339,user339,user339,$2a$10$NkIxQyfoR1uSfYNzGRl6DOk8hPP/N5zAX4dtPLk1zPvdwVnJpa8WW
user340,user340,user340,$2a$10$J2nynniH5Z7tscgDj1xr0uW96eVXAsEwl6nrKP3IklR4oCPCxsJAi
user341,user341,user341,$2a$10$.J1Wqe1hLMGodFCaGaOK9u5mHnUYZzBH1fhIH.Zeo..EmAcF50lXG
user342,user342,user342,$2a$10$LXO5gTwnJesJ/1tqSmD1yekLlbThUkMimPHgHiAepHAzQVYBpQpeG
user343,user343,user343,$2a$10$Kfw3sMyoolCaa3qGR.MbsOGUA9QAYq9v0Hu2T5FWGpf30hjbdfWsu
user344,user344,user344,$2a$10$16YbZSBabNsrNhobZIaO0e7uhGeySjqhRWFzwJ9IzswlMDhf30V32
user345,user345,user345,$2a$10$AYIcIfscxezGSKSnLYflxexyusLFCsTYNzvDSbuXCPRcgFTRrVp96
user346,user346,user346,$2a$10$fc/CjqcvJsR2q1ZGA7LfZ.aeTOfkhYe4JxO0fRQZEu2UGQCWFNFUa
user347,user347,user347,$2a$10$iI2Gm.tKC/Ib19QRSDx5xeDh39vh9xLMEtBVtDFTJyGUuAFv8d.r6
user348,user348,user348,$2a$10$t1nFdek0CfdYdSEsC/Rr6OBWCClAW47iTm4.ge52OLjPjLHVsY5vu
user349,user349,user349,$2a$10$V0iKCt8zPIqqdf/EVKwcfuoSncLKG1YOGkoOsQiH/lDzoDcbfBarK
user350,user350,user350,$2a$10$0guF1eqxrBmy7wheffgq.urlXgBsWo/Hmz.Y0UWZNQGTLD/9Wx4hC
user351,user351,user351,$2a$10$U0ddMV2sMG2RKhbmPeMe/ucPGPFPC3jRdj4cT2FQEE0nZKc8sqipO
user352,user352,user352,$2a$10$ZVCznUY7OOOa722cPEWjFO/MZHFElDtH55gR0AwALs.OLBXHSV6/a
user353,user353,user353,$2a$10$NoTQltvRK9eE.TyqB7cy1OsWWoc5W57EQSlWMg0lx6BJQ3B0ikVx.
user354,user354,user354,$2a$10$I7QeDLHxouLrkOLvKAKiwurA1UwHt/C.I7kHl1SeyvB.igRSmsJKC
user355,user355,user355,$2a$10$gld3x8PCndgcBP.D0DrNTuwXmgkEZ71rLux9CbszV2dc0cVCbHq9O
user356,user356,user356,$2a$10$Un9k0o1j0eplUQj1MbAmcOJtPpax2PTnnH6tTYY/.iHQ7xH0048E.
user357,user357,user357,$2a$10$K3gpoa9bk4pftAFVtUwSx.UnqEj1Ear6C8SPtjglaMzJZ.2hyJNZa
user358,user358,user358,$2a$10$3mdT5oYPsMU1LKScKr7K7.Rvs/a6XPYoZlCxiofkclUoTxJzRs9au
user359,user359,user359,$2a$10$J2SsKIsgqMkpFYBYZMSth.4BCM5fHxQVHGiieO0HiIqtbL1CUlM0K
user360,user360,user360,$2a$10$hVj71gwQiNlueKIJ5cDSr.iA6FONZbsCUQkstNgK/DAlqsbzPsKOe
user361,user361,user361,$2a$10$4flqBgy7ZFUVEX/on9sfz.obij0.W3ECKQVqsbuLWJRTxA8tosKUG
user362,user362,user362,$2a$10$YmCAAmRIIE4Uoc4ZpIu6eepMhnp8qNx.iROmamTWophNZ86H.88B6
user363,user363,user363,$2a$10$K/H9nQANm7UXJFsV4bYCZutJkMz9EZwyHmqBvVy4H2QxATwVfZL/m
user364,user364,user364,$2a$10$yiphc7NLuwjhYLioohynC.RqkaK7YBD8C1rPxXidaicCFonsRKUUW
user365,user365,user365,$2a$10$KgG0/LabwNlPxJQaLIJmkudVzJWIsOIoYISFwwpU/0LDnRYune4M2
user366,user366,user366,$2a$10$ZuEWa0hKivHdN6TmMCPnV.pN7vveuSlj1xvXf4YZZNo/JOu0mi4eG
user367,user367,user367,$2a$10$twk8aJsnY4JCtq2mJwY.9O4zK4edvmIE6Q68MS2T1UN/3NP8tXY.G
user368,user368,user368,$2a$10$OxHWrCHAjdnYgAnYUePV2.iD6TBJiI7eRNk9O/NZEFVmo1npvlz0K
user369,user369,user369,$2a$10$.LU5KP1oe.jmY8aGldPileWEO/vdi8b6EMAZj7L.ZyEJ9tO6ezQ7G
user370,user370,user370,$2a$10$xXo0WaG13QSfINumEhJ7/OIifXkkRU1ASFRDVwL1LcVgHG.LX/V9e
user371,user371,user371,$2a$10$lOGOx2cWKx19XuwRsH6kmOJWk5Mp04G.jmtF6PYPpNhVIV9o8jge.
user372,user372,user372,$2a$10$Qhf4sby8c178cs4ElFKQeuTWHzbaLL/3btUwOqfnmmnlyiXFZYa2S
user373,user373,user373,$2a$10$0UJ1r4DgdagrRzhC5DP7jOtleMXJCY4f.lktWofzLDnqW2YyN.yo6
user374,user374,user374,$2a$10$/g0o12z/UimGmbXKD36nn.p9MIxfwe4h20Zaf4JNejk.AiosLlXAG
user375,user375,user375,$2a$10$SXMfhXf.74xjd/UHEQ8N.OPNrXtfnhLhBDofg3E0WtV3ZHDhBtdi.
user376,user376,user376,$2a$10$pcWuwVFv93hgKq5EHeQFI.zgx/6.GCytGvRE1QzmRo14l.14Dck9u
user377,user377,user377,$2a$10$ipi/H4W4xHvvn7ZiyffSXuD3bzJFZrWy3pjpI.42p4/8Vicxw5bfa
user378,user378,user378,$2a$10$nfRlNcN4adWF2l9Ft/DShOc4woD2SsjZuE2Ie124MzJrXXmer.126
user379,user379,user379,$2a$10$nzn4WufWjAgQWmLLzY85suwQnsz1X3.6qMO97irDGpGwf9YtG9/gq
user380,user380,user380,$2a$10$ARnIHYASmLsyBvG7k804mOmKJavxJTcZx6n3s1ulZhZNxOumpAjbS
user381,user381,user381,$2a$10$PQkFjILurjoKnjWhIiplb.fuG6oGyuIbpVc2NpZ0jVeCEdHPstrI.
user382,user382,user382,$2a$10$hhNLvIsHqNGkVTVxifE03.OKRHNFqguR2UCVr774RyTLOT946NM5W
user383,user383,user383,$2a$10$qG6SL5DlSzRJtKOoCR/3xeC9DQ58sQ5lxUwZ04fXaGszf.FueXpgy
user384,user384,user384,$2a$10$1ZC60U9FrmOyISBloRBtSu2lZEKJAU/bhthNxCDw47fp2gdRR3hN.
user385,user385,user385,$2a$10$GV0xIohsNbqAedh0mmWh4u3U5zng16.qAjNARHrcMYwEPEQRb4l4q
user386,user386,user386,$2a$10$0RTnp0v7hU7xYLAc.XYcMueX3GRW3pMedFLTDIsbdnHS7SWSjiRhy
user387,user387,user387,$2a$10$2.SMLX1iuKXVMqWU8NTBz.20JmUaUKSZm0sOh5lo.tgB1uUEi8gS6
user388,user388,user388,$2a$10$RKSWuKoxEpv6NuormsQrR.0nvm3BfyebWp3UQ5t4W8MWBJ9.k8CV2
user389,user389,user389,$2a$10$wd/xxekSfNsaNkX2j4wKe.OIwWuV0jwNyXqFuzJXfUBcyuH/IWILy
user390,user390,user390,$2a$10$2k3UrPdYZFRaFRyYRu/IxerBm..hgBjqY6JAWN2RmPoeidCwcvkB.
user391,user391,user391,$2a$10$9v.AGyxFEZDqxVek.wCpbeFJOrUVdrvjXxIMNLK4ygsuLlz1ZVVd.
user392,user392,user392,$2a$10$mAjCVXq87jZZL9k6tgM.weIDCw.QfZcMQiSbB6TItsZPGY4u82BrO
user393,user393,user393,$2a$10$MHvBLymQpqNrmnu14F.KC.9Ynq0ytMFRl6j/0FzDt8CFNJtzE71mi
user394,user394,user394,$2a$10$uUJ3c.JG3p5IpuHTrrDna.rYEMSGUZxD9cDnhvlkf2.7Vpx19cSLO
user395,user395,user395,$2a$10$fX5xAgVG0EL9o2bWnDyCGuFHacRXLZr.fDNk2sSWIeyQ2f34gf0mi
user396,user396,user396,$2a$10$7PqNqfkFAQ6Y1CbPCFOF1OhDqgAWc44Mc201apMGSAGfREeJnHghu
user397,user397,user397,$2a$10$ieb820d0P6lcNZPp73bsWufXz1vGzUPN/JTQP8Tdx3Su8xXjg/M2u
user398,user398,user398,$2a$10$rzs/8YDYN/UQjNWdtLVI6u/HWNS9/gzF021TeLfp5Jlxp0yynNBSW
user399,user399,user399,$2a$10$A1rLiOETQfDW2vvfHPOszeCP8L4jqOCbElwvul8PeeaE9OMu/ZJRS
user400,user400,user400,$2a$10$eiNzG6mWLaIQt4ovQrEfjOGMETqCB3c27x/1xElLi1dsnk/whQEau
user401,user401,user401,$2a$10$BStCqIbUUEInxhGRemcwCeCsJjy.dImq4.LsEpfJGrDHbhGG4N..y
user402,user402,user402,$2a$10$oqen.2DTYuqXtrTKULEKp.2mTypjLu3KCFwn1UYVvAIopd1cSH15i
user403,user403,user403,$2a$10$FMF4npghdzH8S5BV5ppxM.JTrYz8Pcij/bdmfca.OJv/toWkMoyYi
user404,user404,user404,$2a$10$xZ8RTqdaCH0M9JbvSqTDN.3IHjlWtC1CEHeai4uVciEjxRkqbMpUW
user405,user405,user405,$2a$10$Ab6baPwxkT07jEA0eevX2O0dKonNeWBkC6zZOkB38R9tmbM28mjbG
user406,user406,user406,$2a$10$TNGt.mHvsPwiTP.A3YwM..lz9zkCS/WrBalsvkouIEhy2bQeh5VRm
user407,user407,user407,$2a$10$.iVJSealtVuPL4aVRGjpv.tdZkSzKucFhhyWPmhhOiqLOWnwcRZii
user408,user408,user408,$2a$10$CBn872XVCNwmnagBIceIM.dQZKyACW8wViTOA.4aGVtX19TtheBFG
user409,user409,user409,$2a$10$ZYekGGAlFTt8L/iF3.6QO.j.BsKQb.j7AwekIsN22unIRZrH2UW4y
user410,user410,user410,$2a$10$k.bZ.ZBXH43SQOnaPViAIuw1u6aGcqAAnCdLExKABpIzUDP69VwtW
user411,user411,user411,$2a$10$wzYbcisZv8pze.ViXCU3.OAbv77DRVePFvgT18i3K1yBUvVLPb5Ve
user412,user412,user412,$2a$10$kn2shs.S1I0M8A16XUrXvebEqeffKnyj0KLNN6JV1eGvr1fcMfEDW
user413,user413,user413,$2a$10$fwFtL6oLIvn5cBdV/xCOhOu5C0ylFchN4QR8eyRvLSXErxt8bLyZe
user414,user414,user414,$2a$10$HmiWD2zcbkACFHrm6pA4Dul3ANfsRBefXyaUWZ3N/VmWEliPO.QQC
user415,user415,user415,$2a$10$G96VS.wtXiXUkrHRPFnyD.F3vDX2DfmXjrNYQ70nmTEyAnN/3EBm2
user416,user416,user416,$2a$10$dZiS5ba/OMH4qJtj9olj.On1VebOA.YXQi8NtFQpkuBMGfXVP9rXS
user417,user417,user417,$2a$10$pnxdbHCpyB39/6xcE35dJOe0bWL1iWnKRgZnrtVab.hl4fqFXo8Q6
user418,user418,user418,$2a$10$9KoDcab2R4UHsK5QIT6imudNJLpIGoO7gk1nEgPDgtxpeBMzSnvrS
user419,user419,user419,$2a$10$5km4s9967.b5rvQ66j9H/uoSHtd2R9G9ojHnaYfYPPAlhJb5WyRAa
user420,user420,user420,$2a$10$ATydZ2LtvOga1MlH7R2Zg.YTohR/b4ckJ.B2MgcFi6Tx81PFYELaS
user421,user421,user421,$2a$10$cNl3vqkuwmmPdlumR20lmuqLaw2Mds6e51OaHGUVqzA3r6DJJ2t2i
user422,user422,user422,$2a$10$PZ7jQeUX4BcN0V.mQitvQeAvsyOLs3npRYRe12gvZuKvsSrHXFg.i
user423,user423,user423,$2a$10$3WBGkea4ok3ySMASRoD1EuSNItEacOz2MvJJ5gnaHYPzKKuFwzVoW
user424,user424,user424,$2a$10$M5ZClkjNH567wtOy0qhOXO31DHrd5REYXjWNrv3HCeOWLmC3wOkpC
user425,user425,user425,$2a$10$uF7RxDg1IxQDMEC0SH73D.lr.xuM3yRjsvjEbiv3RTjFzTbxaEjpm
user426,user426,user426,$2a$10$RSPheSWEWdW.g3w9RD89JehzNsI0Pzr4oYchf/8ospUuoLzwUXUvi
user427,user427,user427,$2a$10$AMVcigtqJn4V6VGuHWJwzOK5cVocgxAuihqL2R7efW70.WKDj/SIW
user428,user428,user428,$2a$10$yXrk8sQLv7G1ATNrzlGGh.6kljqMy3l3nGrrZHu.MKPFlgQO6UqP2
user429,user429,user429,$2a$10$HzXpJkWk01LsuTCO1R1CU.7H4RfFMZPLPHeuQtSARnQqv8Vacsfvm
user430,user430,user430,$2a$10$f9.rxuZ1VRedJg2Ltlkuouqs1hVGxyhgu/1ntvEMff2eKWDPC6U3q
user431,user431,user431,$2a$10$9H5SAEBfOWqolKvQtRUnZu1SndQ9u9VJCdhLUsSVz94uMN5wRW8XK
user432,user432,user432,$2a$10$UYZ9h2jJelvVFK2yevMaX.XW/4at9GzrQ30v7nUh.7ohak9jqmY6.
user433,user433,user433,$2a$10$QnCUjTVm52lmAzxkvvbd4upL7wLMWDicT7O0y.E/QlYpSsOY0Xgt6
user434,user434,user434,$2a$10$JP/VMg.007F8U0SGbZmMoOxm0KEPrAh9oB9Lycq3UAwHt/Jn4vDUm
user435,user435,user435,$2a$10$Q1WHTbwFL/W8uOHyDTLPc.BW.sQ2884THn94KllWjoe9fZ/7w/ELm
user436,user436,user436,$2a$10$Yi.StIskxomW.fnWRzCqvuc9QcWdPEKXiaU1dmmOsLr0TPiCB48bG
user437,user437,user437,$2a$10$LiL0B3ya58m/oK0z5rAmoeIrZ/IBjC1fBwXuVsMiDl9OyeKo1qF7G
user438,user438,user438,$2a$10$A8PgOLnAlmNS2h2F5mygMeuEXgkJ3JhTPrpMoN1a7nfTKoH5wpYAO
user439,user439,user439,$2a$10$UQJ0HeNn7S3wH7ra4EVt.O6N0wb.fLoKdztk5lMBRDrrJ9GACCyQa
user440,user440,user440,$2a$10$e/INFyTNeNkMSMK8Yl2LF.NqVeNLmYEnquEmkTOSj.tcAceaBSHH.
user441,user441,user441,$2a$10$IljJmF./gX9yCleTu64W/OupS1yV1.3B73cOCgPLASPbnlX4r1fcS
user442,user442,user442,$2a$10$wZcrQvb/6LtWTq5huALwb.lZ.7yRleUD1kWyadij9LGDc/q0c9egm
user443,user443,user443,$2a$10$Bi45OA25hRglmMyavzwoNOr6sysnMbRB0mIzc3SEDrsrWkQ6thCoW
user444,user444,user444,$2a$10$UZxgM9858dvxp3yA5zHUg.A4jH.8R0FGeqAYwQvd5bsiVX81V9ukG
user445,user445,user445,$2a$10$9U5Fux1FKJZ2Lap35rZ/nue7vT5kWswr3DQuhsHy3T/kZoHaFMCUC
user446,user446,user446,$2a$10$Qco3vq.knAdv2P4mejmRWOcLqHv2HhALLcuNPTVsTH3XOaNXbnp1K
user447,user447,user447,$2a$10$DJmMFk1oi4FVPRW4DD6jKOKT/.hvhWEz0CIy0IUP6rs2XONVP2YL2
user448,user448,user448,$2a$10$R9g09Ol4.Ww4QT4XyUS8j.FkS9r/09KMbAEWaHEdt0XU9fWp4N0bm
user449,user449,user449,$2a$10$qcLwr6XR63gOUoXJjBGvJuF2oKMS0/3aAbnL3/aiuA.13VLsbki9a
user450,user450,user450,$2a$10$D1phXCSGXgG7j0ogBkGZgucr5nUfnmIWEXQ9t46pqZ.WSf2e1WE2W
user451,user451,user451,$2a$10$mLGi/NyCFgOIBTYUxAj7T.Zei28UzkxnrCNz1Qy267NDxi2oGJVMe
user452,user452,user452,$2a$10$tOkME2JFVC9vXFf2gURvtuUy2gV2jNBIS/FKMuXQhkGP3P9Q.21aK
user453,user453,user453,$2a$10$FlR7pVJyos3IE8Itj30W3u9GPUXwwK7rFC1KS8foQdaJbxxvNIqT2
user454,user454,user454,$2a$10$C/Bl430kgUKXEJL2QNW0huTAZpX7KAfgXKpZWEiSFEIVNWuaMRici
user455,user455,user455,$2a$10$yt7XzMk3TzGEzVMSsPaNQeUeWFj.1ysHJtPXRS0jvGub3Lh4B9gOy
user456,user456,user456,$2a$10$s6Boh1ZBr1j6ZWh6cGxHAu2Zb1fva8.sYoSUceD57xVu1mwHGvw/S
user457,user457,user457,$2a$10$sLDy64Nmjbxiolq5bA7hPushYcjTa3h.7cp.YAsRI936TmTXuRTZ.
user458,user458,user458,$2a$10$wSCWcEUq6MxGhPW.YAelueP41alq5Eo9eB5mOwvkkSUkOmJwUkbDi
user459,user459,user459,$2a$10$7p9/2d29/fnJ.m2rSg5zsuWngs5Ib6PR/I.9AEalDWstB1yR3HnyK
user460,user460,user460,$2a$10$8Rk0cVUz.lyKbeeOGQsN..keJ4mhM4vIFZ8DZPA49NA2Z7LpOl/Yi
user461,user461,user461,$2a$10$fTS4rf5bvV5dlnl6E3bmFOKUqAPOmkBqg1.qAwVBulzPNqLCy9Xpm
user462,user462,user462,$2a$10$SG.OZIVZNAjtuZ9PtyvcQOjHnVCo94wpF3TB6OlswIXRuuubi78Si
user463,user463,user463,$2a$10$rE4dS33OnS8pEMurevKX/O7JVXJXgu51l7XqotDPlff8VDf3UaWS.
user464,user464,user464,$2a$10$MgkP/HRSK/yuR4p1NawdQOD9w7UmY8ktHPyMMacDcqwD9Vsmbxwxe
user465,user465,user465,$2a$10$Fk48DQsS04XyiCUymVRxFe9OUvgfUQxPqZPMAjeoL3G1CZ76GgyCq
user466,user466,user466,$2a$10$zb/po9XeQo2zWyuHIZbYnewwDPRhlEDMRncwevJapEbqdbKlnVEIq
user467,user467,user467,$2a$10$h6SiCdCLyKZpH1.1/saoL.aUSww5sl1fMM5u4WHvDBKjZLqMy7f5a
user468,user468,user468,$2a$10$N9eJfh61YQML.X5qu0RLB.W/oaS9nSTkhh4GF59D0ac1.ceecBiZG
user469,user469,user469,$2a$10$DiXRKsyw14xB9alKbY.1bO3lYOYNKGWMptGa6v7.YDdXOFIoegPtq
user470,user470,user470,$2a$10$GuqVl85AH3htyIGCfFOVzOKAnXwjCX4cnrSHCyaPI47x5VLajzDaS
user471,user471,user471,$2a$10$RwxbxRSnfen0i5AbTFyhYuDRODd2Vnow0lQ9v6ceEAiRQiyzEmVbW
user472,user472,user472,$2a$10$AGeKLv6afhH8cRULC.z6J.xk0...feABLdNMz210KlqEEiNgmtRae
user473,user473,user473,$2a$10$m/YEokr39V9dQy0VeA1rsuaUnB.XU/OXrrK9pcdC2yirIrXt1Yzy6
user474,user474,user474,$2a$10$7J7RdPTNY38DKxTbgfshSeqz6Cxf2PcVuRedwLOddkKdsKqvkSvFq
user475,user475,user475,$2a$10$BHY.VrB5qNinR7sFhhKgdOol88V77eQkHvOiMHduyA/eGv07ObpLG
user476,user476,user476,$2a$10$3RWQrfvGplyvU28XjWM6YemyvMqp93uk7mwx2qj2GtM94Y6KhtQiu
user477,user477,user477,$2a$10$rY3SE6YtcQkj7BF0aE4X4e8WFC7XN4NwEBOZvbfhZFFDUYtmyaA.u
user478,user478,user478,$2a$10$tsZqzd1MLNYSVSTCrZfa7O8pCpF5.0NwaFGcaGNwL7yf0mpGYYTdi
user479,user479,user479,$2a$10$5jKuMuUltRjqS044BoXBDubcxJduocg/aT.azU5umBxDqVe2SiVPW
user480,user480,user480,$2a$10$d1y9PdM07zzcmVi/s.53HOU2EVv90UzibmHZL70yKYOcJ5Dbqck/C
user481,user481,user481,$2a$10$qYFcWmVKzpGqYAyRl0Xh0u.5QR7yKzxTVUcizErPgtKawepgnpi66
user482,user482,user482,$2a$10$PqT4PBqgDzRy48fHhtyW5eCkg5UZkNJXscOfUh0YcI6/s4PZaQ..O
user483,user483,user483,$2a$10$Uxy8SU/OMBSWScuZnW7fveSjhFYL0lOJsndmLj/bVuDmpjC2CLZZy
user484,user484,user484,$2a$10$EJSPtWgeDJ8HU.6BLyI.iuY.nM7TrlEITan.dtw1gW7VRrrM1Mcnu
user485,user485,user485,$2a$10$VYzmaitwHoDOe68JLFwecOBTXWM8BKu/eIMjTCb0l1kfMDoFI3aky
user486,user486,user486,$2a$10$o/IZCykmvoKuZ7.bwMlA6.ohphmM/FzEPR1bI43QZ7q7FL4QBuMPS
user487,user487,user487,$2a$10$RM4VJKZSzMgR0aj6.CE6c.yck5oKxFmq0rBuyG720tE5XFjG5d0UW
user488,user488,user488,$2a$10$avKTgkb.gdEOk0bUXnNOpuszazvmi3XQ7sbyCA3vijWMfrrHHLKA6
user489,user489,user489,$2a$10$O7rcEzRO4/9mOSup0B4zHO/VGHufWY.p929i8cnWVCdjaMDOLHzBa
user490,user490,user490,$2a$10$kbtPQRHyzaZs24qH01ljwure8isH5IOBE7b5ly5/0hGsoZ0/0J5n2
user491,user491,user491,$2a$10$VvYhxh/wZwqvW7yW9OzRFunPeRpR9r0SVbB5LZBAoFAN2UxGlL9xO
user492,user492,user492,$2a$10$EBGmLn9/8KqL1m9IZggfi.OVlst9DSoVYy8bAfKI6aRywhKGbnS52
user493,user493,user493,$2a$10$jI2mmFw5FhIdqXokUSsSjucej7n7.h6LGpvLb1mMTO8ag5S6UUr5i
user494,user494,user494,$2a$10$mnO7kB4rbOxS4uk8u0HwmuSy/TrCed7cKmnuaGQDPzgc1Am30irn2
user495,user495,user495,$2a$10$D7FEjCWn4KnS0GI3DKl.oux6q7RgoOewyS6XW.TO53PObe43C9C6C
user496,user496,user496,$2a$10$9dS/8B4RYUzZKQ2bV.Hf1u2AG6aV1g.wDypA6q5gJz3d2bsK/.OXK
user497,user497,user497,$2a$10$k33h6GKQvt7QqfB6NZt47OABHJydjXTkLinDsGWid4tcydb6GO.Ze
user498,user498,user498,$2a$10$30v72W59hXrtTr6IX0siKO6Ub6k8v16CjIPj9sEhlB8SLYscLhPOO
user499,user499,user499,$2a$10$yay644ewUVcXUPZbyUK71ud7p7JSNyN.kKSg4T5QqKpUhvqNWCt7G
user1,user1,user1,$2a$10$Bu.klFgbL02uN7gVvtzSp.Irn/piHfIbeaB6K1FPWKCgeWUU1dxMq
user2,user2,user2,$2a$10$dvWBfpHB2NsHjoaFg/DS0eYDyaWsnqZit/5iSCIPIDwzkVv0/CEu2
user3,user3,user3,$2a$10$RVfw.b31uduWthD.QJ2I3Olihc51/fqJq1aQByxhqSeaxnfSetvvy
user4,user4,user4,$2a$10$pqLQB1DgFafVeiq0edaYQOPH0lMghMaPSRpUXTu/YpPli5wAwZqtq
user5,user5,user5,$2a$10$uKp5dov2r9WjtLSImMPFLOb6nDFIgdfAC55Qb2CCbfzy.xkcl6kZS
user6,user6,user6,$2a$10$BDCw2MDitD8/YfcDCb4SguePR28rhWI8owB4TJIXH2sl/5YZjwHoK
user7,user7,user7,$2a$10$7XelbPXGVKqJFDXoAIKrxuPwcWNsM107qdEk26AXnHXORvu19CgSa
user8,user8,user8,$2a$10$77mgakJCmIs31aVq7qeGnuVbqO4bhhqYCmuKMA5u02kFfAOCvfrUW
user9,user9,user9,$2a$10$WUPN5pZFnTZJ2rzUL45zCubCU71NtYBn7wcuOl.fsvFWD9/WUv15q
user10,user10,user10,$2a$10$sXpT1L7NEcK3Nc2EosCY8.KTCgjB.f21AWBPK1sIIuMEIpN.GQSXu
user11,user11,user11,$2a$10$NskhmHixiWDEfDDMJYRzDeEGafLNvqLcPQdmpakGrrr8wWqKaPnOO
user12,user12,user12,$2a$10$JcR4zkiQbQw60M0co9mk5e0jmWaLcU8D.RBpR19J6OROsfovmZCbu
user13,user13,user13,$2a$10$/zCktoxaZJtnBcCQRxy0DO6g39xOvvFovat6fDl4w8HAEsN9KGMxm
user14,user14,user14,$2a$10$fGIwb86yx.5wMVgey6x67OVgFocRZdaUUrz/vYCU9486ZbMsKTpUS
user15,user15,user15,$2a$10$ce829OK8MNmQm93njrj.Fe3HkU6oF84cuy2fenFuWnycY0K90EhAu
user16,user16,user16,$2a$10$SIcpkHEm1Kj1EtDjF1Lc4OazUyqv5wgnBuXSGBBmNBRf0PC6J3AgW
user17,user17,user17,$2a$10$pfYgMx9kwcBVsq.7GVCt0Ojwq2NATMakpVi7XXhuOW.o23ji4OARa
user18,user18,user18,$2a$10$bAL5UMUbHutnf91aD1wPk.QsKexEzrIgOWF1jcUeBJZRZ1Zkljr2G
user19,user19,user19,$2a$10$FqPuQS09njzYh.yy4cInxux6dECr7KTor9X7iqpm3euw97uLHbX9a
user20,user20,user20,$2a$10$7BqfprCDs6kGjcGqOEkomuD7.0OlqxoHo/W3QfHCPSSRasylc5A0W
user21,user21,user21,$2a$10$izOCRYg.Al3qboUJwppOM.Sn5fMbXu.BGBWKEkGsKZXz8t6bKfRBa
user22,user22,user22,$2a$10$Jbk7wkJIO3U46YyayjsgYOuYm4yhMijj8GzGbr0F46eMm09sgqf7K
user23,user23,user23,$2a$10$qclU9B9OPzKw8cwkdnOUyeAPu8Xrqjj53.EchcntOb.1/bxh8aW.K
user24,user24,user24,$2a$10$oV0LHL4WbQEM/oQd9oeYUeCzSTxQvoAa5ohndKaO9smFesaKS3uS6
user25,user25,user25,$2a$10$gkrZH.CRVn4dhCqL3hzAsuqN4DDwZEV.n5rogaaxbC3FcCphLi7FS
user26,user26,user26,$2a$10$kq6hIfofK.flFCqka/7MuO0MpTmmVcBsQ4ArAlb.GCNAYsNthcwXC
user27,user27,user27,$2a$10$Jjje6aZj/bCVgyaQjKuuKOHT4yQ4Jn7H.bb8UlKqSK9KP//ru6c42
user28,user28,user28,$2a$10$1BGyxlspXOwC8WXyIlMpTuwI6KHGhk.uXHRMc8KmTWRO7MjdwOvOC
user29,user29,user29,$2a$10$FXA7RV1gHfBxIr09HqfSaecjNuQp8RSYafik8LgWpLJQ5p/NckZEu
user30,user30,user30,$2a$10$UeRGC67M7GFH5atLe/JT0OPvnSYW.atQzsVjgcKvC5EDYAB2gjKQC
user31,user31,user31,$2a$10$paGlLN6Az6lXZQ9rtdlVBu2sfMUHUFCDta0UPmbFuH6okDW5D0qW2
user32,user32,user32,$2a$10$y6lqpRVSuIxmFOxIcoEWve3FltkMoaZM1VhnbyC7sz0SJbcXVpqDi
user33,user33,user33,$2a$10$AERSTixzY2CuYp51e9HotOx3SYwj9HQ7oE.L.gnR6j2LAL7W4v7HO
user34,user34,user34,$2a$10$4OZ9IT.0aVygMHR1lTW3f.Uf9yy/2CIF1YPJF4HwwE80eUqiEj14S
user35,user35,user35,$2a$10$q5KLwm.Gd4aGe/Gjl/9KYOrqQXkBtva2gZTfcnrJJM3HdluOby8Tm
user36,user36,user36,$2a$10$XzyEA74YbXjraxCrO6lUrubt7G8ezhXWPfNp6o6X94Yks9/4dvPKa
user37,user37,user37,$2a$10$lQHV3RhYvX0deC6BVfa48.CLYhNn3eWN9s8epMQ.hSw.L2dbD79c6
user38,user38,user38,$2a$10$Zu/fCiTFkUj0MTpDI4jtyu0jbrcDlJilcYeGWydn.Rfzl14PRi4v.
user39,user39,user39,$2a$10$XvbdV1D9fTBsAhSoSBfcQeUV8vnN.uyFLrXzs61Kx45XBwZNYl5Wq
user40,user40,user40,$2a$10$X0mTvYutxEaIy8yBCalKheA5vkemYMbOqD0HwxMNn3w3FbyGpb2pm
user41,user41,user41,$2a$10$4pe7Der2PgzDuJga5mNE2eUOBAIDus3cwMbhQSA2NET4jgiazMw0m
user42,user42,user42,$2a$10$B5h1PndWOz4cbH6vW0mes.H0YXZOw9TEMK5NZ3qpDPZW.biYYdaha
user43,user43,user43,$2a$10$d2o./kw1ysy.t0Vf.zn0ouXDzijnkLhSUAIPSe5AgyWKBM4e1WCnO
user44,user44,user44,$2a$10$.lipo0.Vy3k/vpvNsSUqS.bei1kNDws.MLvpqZR75K/Az8itVFsHq
user45,user45,user45,$2a$10$KOUi6KPYyY7vkrCQjROLvusFqspbcEYM0q3DfRiipIa69LlIAX.pS
user46,user46,user46,$2a$10$0yclEGw3m3sH9LmyylUkE.7QXruwgn94CpgbIazYToH7DGTV2BTLq
user47,user47,user47,$2a$10$aHdMLRi7TyqkVgnDEEJJ5.9q.s4ztIhcw0EpHGJSARnq8YuY5ILlm
user48,user48,user48,$2a$10$J2V5CD0DnXWBxj/AlO8g/.e2Wy/PyMBvkSlX18mQFdppMPeB71bBG
user49,user49,user49,$2a$10$azIIFE0yI.Ov7cuTir/s4e1YSubFTslgzgu3bgWdTjHJsQ4Pg2Iwe
user50,user50,user50,$2a$10$SkyS5J0VHfGcjIMKgkY7oudPX8yoNtKGPUXbEhwpbIdIBTW//pp8u
user51,user51,user51,$2a$10$owZVsOtaeNq.f/ur1pYKDexRarddN92BVYXttLnxjz07aWGB0dgU6
user52,user52,user52,$2a$10$.7W6z6yYGva7yr9G3ymRqeb8L81wM/Izq9hrnxz3cVDhdcCA9X7te
user53,user53,user53,$2a$10$EMxleDHvow3gArexlaacsuHEMHDxEWpWUD5JiJKZyfu6OVpJNPkFi
user54,user54,user54,$2a$10$NHa2cPtvIDzU4uCzROdRQugpIy.sxNlVvLG2c4TgxTZbc/Qb3QaF6
user55,user55,user55,$2a$10$kG43Q0jrSawUmbXd54AZ.ujSzgrYocgquTHn9cJ39H3qK.Xh3dCTG
user56,user56,user56,$2a$10$r2LVPcl7DEerr2JzXmnS4.qLfcPZzIX7aKjhCI9L5m2rMjhDPMZOi
user57,user57,user57,$2a$10$k3yBJf65GYZEJJ5PRU6HzOLclhy/DpKj3go52.TY8wI2dKpSKkjKS
user58,user58,user58,$2a$10$/qcVLYptj5bVflF7EwqiUuaokSli11t.xIIeTD9xi8C8QtoE1U0zW
user59,user59,user59,$2a$10$aTznPTydok9lItAxl8KGKe4hSPuKJ5sYB0/0rukPypqNZ/eEFFnTW
user60,user60,user60,$2a$10$FOSHU/SuLM3bBdyVNpGnuuOf.LIYV45EwgPBVte/rLruiodLfqdx2
user61,user61,user61,$2a$10$m5gpaGH04XMaLzi0gRUTDe8eGGkVmTnsgXKJKmPv/yrP.OWQmt6xa
user62,user62,user62,$2a$10$5S9m2EZopjAJpu3W8ZFSjOi9ifk8nd6Uz7Ay2gPfq4A0F7Ec1qlyq
user63,user63,user63,$2a$10$VN4fsxlgklQAYqjAxfpyOuuh4eiPy7tlHj9SMKGe5MQXw/U3DYTSa
user64,user64,user64,$2a$10$Qhwuy3JEg1NBbFThYbM3UemR9p/uy47.b0JY1TNQJVAnPLbDHSNFm
user65,user65,user65,$2a$10$9qLZHIi3FaRlSNoyeIyD2evZgkbTnoBAjt6Bw4VpTQkLzul.ASpke
user66,user66,user66,$2a$10$hlKsmBe1mWX/jOpUQgXTiOa9e3P/c9jMiCmnFi8osIXdoE8lTv05O
user67,user67,user67,$2a$10$ZWWgDn62wZ4gWVW6mlk0yeZbtAH9uS6ejIkNU44H/x8Mh.x65FREa
user68,user68,user68,$2a$10$al9Wyhkxe6.MXaD5LDwFceLdIdNPfH1AAEC2wvgMArofQHWM19fSW
user69,user69,user69,$2a$10$MGHR46qC8hiHFELHLjO1uutzY1xqFJ39QMgQG8RpjPY.vPQRXr3Ky
user70,user70,user70,$2a$10$Jm.czCosV8a8vF21WModzeuubCIZJG6ReQKhBxoG47B.j8XBCgP5G
user71,user71,user71,$2a$10$0cD5jwNUsw6b8Uxqap3z8OAkJK823B6HFSs/Le4QywlMPIgUndd/O
user72,user72,user72,$2a$10$Fxp70QTzZB.Up8p7.FlJ.eDeotNc0k.vyPDCBcIlU9sPgdOC8x2GO
user73,user73,user73,$2a$10$1iFQJ5cmdt5tJTygMU3iu.CR.6u4WdswHSsn28vsrCdwWoQTkUlpm
user74,user74,user74,$2a$10$jiVuUb/TZNdvPxaudaDQluaBdAZ4iwBkOZF7vN.Alo2a/s8e5DJJi
user75,user75,user75,$2a$10$yR.LJX1Y9LguaIrRNpAR1eqMNVij2s434JB8WcRhHuc2ly/yUU1KW
user76,user76,user76,$2a$10$UG2RjDEcG02wud16GDW.He0qQLoQvCBgQNWvFa23nW.2Cuu6MY3Ky
user77,user77,user77,$2a$10$FUM22T0uGFZ/JvImIkHqjuEkdmQuQWqWrIYCIOJKj45exRUnheHQa
user78,user78,user78,$2a$10$NrWLZ6DYDf4AonU/1pOzBei8AIj.GGkhI7myOgsOHafUz6GdVeChC
user79,user79,user79,$2a$10$.StZQZJIQtrsdEYOV9.xOOPLHosTKdn/uysG1nqXY2p280hPBU4Pi
user80,user80,user80,$2a$10$Szw7fMomZNKvVskYGqh2muR44CLgR0Cw5PwFFXozkgdCMymEH202i
user81,user81,user81,$2a$10$eB8TFutZcfBVPzudy2xzqufucCJOKhcpjMEXJ1LEIl4PrUqjfypbq
user82,user82,user82,$2a$10$Xb28xtT2QtcbAqTyn/OUvuOTEtGguKv6MEaGm1PixbE795pKxQjn6
user83,user83,user83,$2a$10$MmZQD3yDYQSZTK.5JeIsLO.tJsQIBJhnXSf2/AuBktdno2ThgUsba
user84,user84,user84,$2a$10$3TzY8wFUv7Hd3f58YM1.U.FWoLKkz.SFLPQkbflJ4DhuvRPyv2rHe
user85,user85,user85,$2a$10$bDJLRA5YKzykyYEAXSY6p.MIF3iL3lPmFUG04Ml8XrfF6t7a5nsUm
user86,user86,user86,$2a$10$cTqotSWR/M6zqPTrt5TvW.V.YF5Q/YTTA5Yz5kLzUXbWRQ6ipQmGu
user87,user87,user87,$2a$10$ZwIuZgsSy3QkyY5x6kmnLuMT7N.8smK1mKQiTDCiyc1I7i0alBOWG
user88,user88,user88,$2a$10$jYELI2Jt2OpwpXxS/mr/yuul88cO.OXMX7rk3wHKJAeJpnAzA/bM2
user89,user89,user89,$2a$10$slPuZ6WQ/JD5HXlav3XlsuIe9xbjXRi5Ju5zEL8ryvOyqJfCDtUga
user90,user90,user90,$2a$10$/475nB4h9oW3aCWJp9f7wuo6w1VJ1U6t.YDhM8QVRaBFh110MN.ZW
user91,user91,user91,$2a$10$aFZGu4f3EdkbbcBlb36qr.685kGS4zjnNcNplwuUQO4tu3I4Z1IdO
user92,user92,user92,$2a$10$tpRkBOSjxsWdnkzXdqLyjuQcMXDowRAmNPrkhOpUAttAg2krKmBDe
user93,user93,user93,$2a$10$GXsQxj8S3Nh4HsiVcOn0Z.AYzAWRsel4FSGlEbBt36dJUBzd0QIQW
user94,user94,user94,$2a$10$8DBioS2R0FuFm5u3OdBFCOuQG/Pq4pVCcdpR1pHXy.3qOAqx2n80a
user95,user95,user95,$2a$10$0xIw9dXrkOHWqyB51q2OYu5wHeUpTh0enKvqgjOoYd4EGJsKO2.1y
user96,user96,user96,$2a$10$KZCF6VcahcojF1bh4fV6yetEKgVcUpFOKO1xK8XmEMySHnUabExMS
user97,user97,user97,$2a$10$4qVP.SYu1yNtLAqbs46vjOn5id5ZrifBwqvsOt4qW.aO7pNxgy3zG
user98,user98,user98,$2a$10$AOsW68q6TCNJNUlHuV5/.ub63milc7gzHEldWUuq38VKF7Bxs7Oj.
user99,user99,user99,$2a$10$2nQV1e/AnujlFY0MkCDm1OUddfLus9MUA2VvVj9iLm5snnl6V7AQ6
user100,user100,user100,$2a$10$IuLlUR85VZ2ZL49L/W8Vj.i9RNFpAvJjgXGj.rTuHN6fvCPEQqiHq
user101,user101,user101,$2a$10$dISrqc4ccEn7JTChxiGei.K.NO1FTVHTiLxEMl.Tm3hm4pkDYFYqW
user102,user102,user102,$2a$10$.5C5/lnJyNLlJQtXkQiROeM36VTtrlF6orSh2TefO2ef3R9S5d2O2
user103,user103,user103,$2a$10$.9wyV29B/D/51epPColrjeOgjXS17Y6jhwrnYSviSn1pGw7Gcr6YW
user104,user104,user104,$2a$10$xJuXM21nlMmTXbxrogzoZeRNDImK35ViOMdgy.JzKkN3TkAgjXRkS
user105,user105,user105,$2a$10$XXprCI.BoiXVYMFc9jATq.kxMP5MddtxvoV4hXl.GY9RSf6RC1Dhy
user106,user106,user106,$2a$10$MqBYFybIv4kCbEqP4S/STud3s33dDWeyfJuO3YHfqcTMZEqeNlxG6
user107,user107,user107,$2a$10$HCYGvjrogOHUiKj7EjwBiuMd8wBpeEsPeQ06heu13hQGbyvFaAw0q
user108,user108,user108,$2a$10$5eB3.JG.1sRzJIxvLDVlX.w.b.JNg6bAgmPJ0cBREg2L3CECuLql6
user109,user109,user109,$2a$10$DuwcDwvWahClAaPJ94LsTupEgfgpKuppKTkFn5DqBe3vdO7VcduKy
user110,user110,user110,$2a$10$W4l1tPAH2oibv1v/FscUc.QL/O7857XuWzPXf9ZAdEBIRqfmyamyq
user111,user111,user111,$2a$10$SzM8t0PxraWPgnqLw/itvO9Gty.R9jikrQE3Gp9Ls0ZUujLZ26ywe
user112,user112,user112,$2a$10$BhsrTtyPU7RWLRmBi.5Ca.H1Z.s/emBDdpkHa14y8jSc6DzkOPlge
user113,user113,user113,$2a$10$Srea1wYow0M0anPo7/rxruQEEOulkyWXYZJz2p3oxrJhKj9Bglcj6
user114,user114,user114,$2a$10$c2NUbCoWw8ZQOKZJNXj/kO6QBs/dE7cu7T9uzMcmmnhEMJ8qaEG.W
user115,user115,user115,$2a$10$018tuDrxAlanbkDg2eC.1uDelgRsmQyU5aenC4VWp44R4JGMMGLAa
user116,user116,user116,$2a$10$g2pDA7MzJNnCRqL1fcpv7uUKIP21cbxoKQlBR1ToLABVdZbJIAV.e
user117,user117,user117,$2a$10$udGbWG2nS4wHx/f8OYloKOk8PmE3VnUGGW6bTsXpPm3EyRzCycLI.
user118,user118,user118,$2a$10$DJWQUxs4EnSi0EM/Y.y.N.ytOm.u7rElLnclryDZi/Wa/SEail5iS
user119,user119,user119,$2a$10$/3RuImNG.v40banYqC5ELO1llaTv2CgTV0z1S4U3NBHHI//JeeI.y
user120,user120,user120,$2a$10$N5NBQhDjr/UonEaYyEEGyuPt.KRCB6FejZ9KQmOkE1rBSuqukEOZa
user121,user121,user121,$2a$10$J0AHrUgAMRncnUTUubrDNOMxuztxI0jqtXqoOkrJwTRaF2eGhH146
user122,user122,user122,$2a$10$LJUjUOcxlq9YPgGOskJ8temirMa..CCjONsSlWWASGhXqds0QWikK
user123,user123,user123,$2a$10$/x6Ni8Lu3ZzJt3hfx8QzienLpvo6pIi60/aSJffD4ktByIvChHJCG
user124,user124,user124,$2a$10$GRbcDOTOIgGM3Xj3beO6OugfwBrt90BWCkcsndrq2ZOdBUl89IXOS
user125,user125,user125,$2a$10$hw.uGD.vU4pCGxMsw4b9Oe/9hloYAdFh6sEYfjMVM5S5Xs99Naf66
user126,user126,user126,$2a$10$vvoXadbQwVqImteoO/LRZ.bXzlCZwKNaxYnVmEuZbU1bxp6cfiWWi
user127,user127,user127,$2a$10$umUV1NjeI02DPBsrr17xcuWplEG1dfMG8IbD9iGGDunMI0X3GxwMy
user128,user128,user128,$2a$10$hw3COW0tCtNyizEM6GVzaOzZ5IBmL4oMuJ1DWqNqTW6lHPKW/Tydi
user129,user129,user129,$2a$10$nRl.g3K2e/kv2KHHZkHZ1ObOKQSq02ePJyZWKMjbRqBSJAF6V1y/6
user130,user130,user130,$2a$10$qb/EFYZGA/rQIZ1RxjG9AOX12vdiH.F6bHjmKTPwNZdt6zh4N0Fuq
user131,user131,user131,$2a$10$Talx2usod/eKpnPP8Tur1uj5PZqgvHzffmGtZPqzZQkA.A7SE/Q9m
user132,user132,user132,$2a$10$jOSHn8LEKmYoB7UhQv79H.IQVEZSleH2JIAQzQuAQUYTw/xEeamMi
user133,user133,user133,$2a$10$u98LQ2XCt/27dExNly/1p.6XldA0O0whz6pJP8LVo7BZ8pVbqMC.u
user134,user134,user134,$2a$10$MINk.sFSjC1DgY/hdN0MLucCtbAy3peqEWZU0IaLgXgHktuqj0bc.
user135,user135,user135,$2a$10$sR5YzuAaXFRFd7iKaZv5BO03wuHJu0xyESWOIPF77SMbhLyEYOlB6
user136,user136,user136,$2a$10$CKkvYvDV0j2xGKsUwExyG.eWT0ZU.xMcCgzmaznvsxcZiO16ULlHm
user137,user137,user137,$2a$10$mZK5OgdlOSqX.YUmFEO3iuIZlDQ6eXNiPprJxQH8jjs2pOF/6EQge
user138,user138,user138,$2a$10$ocfCjI7uIUeKWoFy8hgG2eEIJos2TFQv3ICHNmoSILGYXcn1Q9GNm
user139,user139,user139,$2a$10$RUMdG9YHrMjIvYqqno/J1uyfS4JrX2ITw1jh/hkWZ4NXlzcMM2yLm
user140,user140,user140,$2a$10$DHEK3gFS6uxOG4TdrU8xm.f1nOQQGEhY5HObcdQ7pLEBAytXNaDlO
user141,user141,user141,$2a$10$K3Dbn6WrVtz2YzLBzmrqd.TKT5UUCr4Xk/59Jjn9sKoOag7LITG/C
user142,user142,user142,$2a$10$Oyo4eLygYqNoz4sqh9g.WORXU4Y35de/tfEs1CYW8.7Twi1MbvT/O
user143,user143,user143,$2a$10$7vogJHPo122k.sn4rtm98.iNZS/.xfzQrEB3u0FI3jqT5vC7DAkZm
user144,user144,user144,$2a$10$zSV/OG74AQLk33odxL1v0esooQpmkk8gv7/x.L1XHVQ3yp8JS7fWq
user145,user145,user145,$2a$10$8WwHk99zDDuddzkfhmLpx.EjTo.U5pM7dVnY8lGzrFzjXjmlUJ7bG
